film_id,title,wikidata_uri,subject,predicate,object,sentence,extraction_method
Q130295240,Ajab Raat Ni Gajab Vaat,http://www.wikidata.org/entity/Q130295240,Bhavya Gandhi,star,Patel,"It stars Bhavya Gandhi Aarohi Patel, Deep Vaidya, Radhika Barot & RJ Harsh.",root_verb_fallback
Q130245494,Alanaati Ramchandrudu,http://www.wikidata.org/entity/Q130245494,Hymavathi Jadapolu,produce,Hyniva Creations LLP,"It is produced by Hymavathi Jadapolu, Sreeram Jadapolu under the banner of Hyniva Creations LLP.",root_verb_fallback
Q130245494,Alanaati Ramchandrudu,http://www.wikidata.org/entity/Q130245494,Krishna Vamsi,feature,Mokksha,"the film features Krishna Vamsi, Mokksha, Brahmaji, Sudha, Sivannarayana Naripeddi, Vasu Inturi in important roles alongside other ensemble cast.",root_verb_fallback
Q123185887,Anora,http://www.wikidata.org/entity/Q123185887,Mikey Madison,star,"Anora ""Ani"" Mikheeva","It stars Mikey Madison as Anora ""Ani"" Mikheeva, a lap dancer from New York who marries the wealthy son of a Russian oligarch played by Mark Eydelshteyn.",root_verb_fallback
Q123185887,Anora,http://www.wikidata.org/entity/Q123185887,Yura Borisov,include,Karren Karagulian,"The supporting cast includes Yura Borisov, Karren Karagulian, Vache Tovmasyan, Darya Ekamasova, and Aleksei Serebryakov.",root_verb_fallback
Q124532587,Anweshippin Kandethum,http://www.wikidata.org/entity/Q124532587,Darwin,produce,Dolwin Kuriakose,The film is produced by Darwin and Dolwin Kuriakose.,root_verb_fallback
Q124532587,Anweshippin Kandethum,http://www.wikidata.org/entity/Q124532587,Tovino Thomas,feature,Siddique,"The film features Tovino Thomas in the lead role, alongside Indrans, Siddique, Shammi Thilakan, Sadiq, Azees Nedumangad, and Baburaj in the supporting roles.",root_verb_fallback
Q133895441,Any Day Now (2024 film),http://www.wikidata.org/entity/Q133895441,1990,base,Isabella Stewart Gardner Museum,"It is based on the 1990 Isabella Stewart Gardner Museum theft in Boston, offering a semi-fictionalized portrayal of the event.",root_verb_fallback
Q130282422,Anywhere Anytime,http://www.wikidata.org/entity/Q130282422,September 2024,premier,Italy,It premiered at the 81st Venice International Film Festival on 1 September 2024 and received a theatrical release in Italy on 11 September 2024.,root_verb_fallback
Q112865585,Apartment 7A,http://www.wikidata.org/entity/Q112865585,Natalie Erika James,star,Julia Garner,"Directed and co-written by Natalie Erika James, the film stars Julia Garner, Dianne Wiest, Jim Sturgess, and Kevin McNally.",root_verb_fallback
Q125769948,Appa I Love You,http://www.wikidata.org/entity/Q125769948,2024,love,Athrav Arya,"Appa I Love You is a 2024 Indian Kannada-language family drama film directed by Athrav Arya and starring Prem, Tabla Nani in the titular role, and Manvitha Kamath, Vikas and Jeevitha Vasishta.",root_verb_fallback
Q125769948,Appa I Love You,http://www.wikidata.org/entity/Q125769948,Chowka,name,2017,The film's title is named after a song in Chowka (2017).,root_verb_fallback
Q131092696,Appudo Ippudo Eppudo,http://www.wikidata.org/entity/Q131092696,Nikhil Siddhartha,feature,Rukmini Vasanth,"The film features Nikhil Siddhartha, Rukmini Vasanth and Divyansha Kaushik in important roles.",root_verb_fallback
Q131092696,Appudo Ippudo Eppudo,http://www.wikidata.org/entity/Q131092696,Bommarillu,name,2006,The film is named after the song of the same name in Bommarillu (2006).,root_verb_fallback
Q124850102,Aranmanai 4,http://www.wikidata.org/entity/Q124850102,Tamannaah Bhatia,feature,Raashii Khanna,"Partially reshot in Telugu as Baak, the film features an ensemble cast including Sundar, Tamannaah Bhatia, Raashii Khanna, Santhosh Prathap, Ramachandra Raju, Kovai Sarala, Yogi Babu, VTV Ganesh and Delhi Ganesh.",root_verb_fallback
Q124850102,Aranmanai 4,http://www.wikidata.org/entity/Q124850102,Vennela Kishore,replace,Yogi Babu,Vennela Kishore and Srinivasa Reddy replaces Yogi Babu and VTV Ganesh in the Telugu version.,dependency
Q124467040,Arcadia (2024 film),http://www.wikidata.org/entity/Q124467040,Starring Angeliki Papoulia,tell,Vangelis Mourikis,"Starring Angeliki Papoulia and Vangelis Mourikis, it tells the story of neurologist Katerina and Yannis, a former doctor, as they head off to a deserted seaside resort.",root_verb_fallback
Q107460063,Argylle,http://www.wikidata.org/entity/Q107460063,Henry Cavill,feature,Bryce Dallas Howard,"The film features an ensemble cast, including Henry Cavill, Bryce Dallas Howard, Sam Rockwell, Bryan Cranston, Catherine O'Hara, Dua Lipa, Ariana DeBose, John Cena, and Samuel L. Jackson.",root_verb_fallback
Q125157667,Arimapatti Sakthivel,http://www.wikidata.org/entity/Q125157667,Charle,star,Meghnaa Ellan,"The film stars himself, Charle, Meghnaa Ellan and Imman Annachi in the lead roles.",root_verb_fallback
Q136368836,Arjun Chakravarthy,http://www.wikidata.org/entity/Q136368836,Vijaya Rama Raju,star,Sija Rose,"It stars Vijaya Rama Raju in the titlular role alongside Sija Rose, Ajay and Ajay Ghosh.",root_verb_fallback
Q125856483,Armand (film),http://www.wikidata.org/entity/Q125856483,Norway,star,Netherlands,"An international co-production of Norway, the Netherlands, Germany and Sweden, the film stars Renate Reinsve, Ellen Dorrit Petersen, Endre Hellestveit, Thea Lambrechts Vaulen, Øystein Røger, and Vera Veljovic.",root_verb_fallback
Q125543995,Art of Love (2024 film),http://www.wikidata.org/entity/Q125543995,Birkan Sokullu,star,Esra Bilgiç,"The film stars Birkan Sokullu, Esra Bilgiç and Fırat Tanış.",root_verb_fallback
Q125543995,Art of Love (2024 film),http://www.wikidata.org/entity/Q125543995,Netflix,release,14 March 2024,It was released on Netflix on 14 March 2024.,root_verb_fallback
Q130240871,The Antique (2024 film),http://www.wikidata.org/entity/Q130240871,2006,depict,Russia,"Inspired by the 2006 deportation of Georgians from Russia, the film depicts a Georgian woman who moves in with an old man in Saint Petersburg and is pursued by Russian authorities seeking to deport Georgians from the country.",root_verb_fallback
Q124848151,The Antisocial Network (film),http://www.wikidata.org/entity/Q124848151,Jones,feel,Feels Good Man,"It was released as a follow-up to Jones' previous work, Feels Good Man.",root_verb_fallback
Q123582987,The Apprentice (2024 film),http://www.wikidata.org/entity/Q123582987,Trump,examine,New York City,"The plot examines Trump making a career as a real estate businessman in New York City in the 1970s and 1980s, highlighting his relationship with attorney Roy Cohn.",root_verb_fallback
Q123582987,The Apprentice (2024 film),http://www.wikidata.org/entity/Q123582987,Ali Abbasi,star,Gabriel Sherman,"Directed by Ali Abbasi and written by Gabriel Sherman, the film also stars Jeremy Strong as Cohn, Martin Donovan as Trump's father Fred, and Maria Bakalova as Trump's first wife, Ivana.",root_verb_fallback
Q125782358,The Architecture of Love,http://www.wikidata.org/entity/Q125782358,Putri Marino,star,Nicholas Saputra,The film stars Putri Marino and Nicholas Saputra.,root_verb_fallback
Q132672662,The Art of Healing Descendant Pain,http://www.wikidata.org/entity/Q132672662,Kwame Akoto-Bamfo,write,Darius Matheson,"The movie was written by Kwame Akoto-Bamfo and Darius Matheson, and was directed by Darius Matheson.",root_verb_fallback
Q132774519,Art Spiegelman: Disaster Is My Muse,http://www.wikidata.org/entity/Q132774519,Molly Bernstein,produce,Philip Dolin,It is produced and directed by Molly Bernstein and Philip Dolin.,root_verb_fallback
Q132774519,Art Spiegelman: Disaster Is My Muse,http://www.wikidata.org/entity/Q132774519,DOC NYC,premier,November 2024,It premiered at DOC NYC in November 2024.,root_verb_fallback
Q132774519,Art Spiegelman: Disaster Is My Muse,http://www.wikidata.org/entity/Q132774519,"February 21, 2025",give,PBS,"It was given a limited theatrical release on February 21, 2025, and aired on PBS on April 15, 2025, as part of the American Masters series.",root_verb_fallback
Q123685382,Arthur's Whisky,http://www.wikidata.org/entity/Q123685382,Stephen Cookson,direct,Alexis Zegerman,It is directed and produced by Stephen Cookson from a script by Alexis Zegerman.,root_verb_fallback
Q123685382,Arthur's Whisky,http://www.wikidata.org/entity/Q123685382,UK,premier,Sky Cinema,It premiered in the UK on Sky Cinema on 1 January 2024.,root_verb_fallback
Q110938009,Arthur the King,http://www.wikidata.org/entity/Q110938009,2016,base,Arthur - The Dog Who Crossed the Jungle to Find a Home,It is based on the true story told in the 2016 memoir Arthur - The Dog Who Crossed the Jungle to Find a Home by Mikael Lindnord.,root_verb_fallback
Q110938009,Arthur the King,http://www.wikidata.org/entity/Q110938009,Arthur,befriend,the Dominican Republic,"In the film, the captain of an adventure racing team befriends a wounded stray dog named Arthur, who accompanies the team on a grueling 435-mile (700-km) endurance race through the Dominican Republic.",root_verb_fallback
Q124570438,Article 20,http://www.wikidata.org/entity/Q124570438,China,release,"February 10, 2024","Article 20 was released in theaters in China on February 10, 2024, in IMAX, CINITY, Dolby Vision and other formats.",root_verb_fallback
Q124325961,Article 370 (film),http://www.wikidata.org/entity/Q124325961,Jyoti Deshpande,star,Aditya Dhar,"Produced by Jyoti Deshpande, Aditya Dhar, and Lokesh Dhar, the film stars Yami Gautam Dhar and Priyamani, alongside Skand Thakur, Ashwini Kaul, Vaibhav Tatwawadi, Arun Govil, and Kiran Karmarkar.",root_verb_fallback
Q124325961,Article 370 (film),http://www.wikidata.org/entity/Q124325961,2019,base,Jammu,It is based on the 2019 revocation of the special status of Jammu and Kashmir regarding Article 370 of the Constitution of India.,root_verb_fallback
Q125728861,Artificial Justice,http://www.wikidata.org/entity/Q125728861,Verónica Echegui,star,Tamar Novas,"It stars Verónica Echegui, Tamar Novas, Alba Galocha and Alberto Ammann.",root_verb_fallback
Q122961715,Arzé,http://www.wikidata.org/entity/Q122961715,Betty Taoutel,star,Al Hamwi,"The film stars Diamand Abou Abboud, Betty Taoutel, and Bilal Al Hamwi.",root_verb_fallback
Q125492705,Aserb: The Squadron,http://www.wikidata.org/entity/Q125492705,Ahmed El Sakka,star,Amr Abdulgalil,"The film stars Ahmed El Sakka, Amr Abdulgalil, and Kosai Khauli.",root_verb_fallback
Q125492705,Aserb: The Squadron,http://www.wikidata.org/entity/Q125492705,the Egyptian National Security Agency's,base,2015,Its story is based on true events of the Egyptian National Security Agency's response to the 2015 kidnapping and beheading of Copts in Libya.,root_verb_fallback
Q128826994,Ask Me What You Want,http://www.wikidata.org/entity/Q128826994,2024,ask,Lucía Alemany,"Ask Me What You Want is a 2024 erotic romantic drama film directed by Lucía Alemany from a screenplay by Ivy Hesh, Marina Martín Laguna, and Vivian Dakota based on the novel by Megan Maxwell starring Gabriela Andrada and Mario Ermito.",root_verb_fallback
Q136765307,At All Kosts,http://www.wikidata.org/entity/Q136765307,Port-au-Prince,profile,Haiti,"The film profiles the Festival 4 Chemins, an art and theatre festival in Port-au-Prince, Haiti, whose organizers are determined to stage the festival despite the political instability of the country.",root_verb_fallback
Q111598306,Atatürk (film),http://www.wikidata.org/entity/Q111598306,the Republic of Turkey,follow,Mustafa Kemal Atatürk,"The film follows the life of the founding father of the Republic of Turkey, Mustafa Kemal Atatürk.",root_verb_fallback
Q125870558,Athhoi,http://www.wikidata.org/entity/Q125870558,Anirban Bhattacharya,star,Arna Mukhopadhyay,"The film stars Anirban Bhattacharya, Arna Mukhopadhyay and Sohini Sarkar in lead roles.",root_verb_fallback
Q125127224,Athomugam,http://www.wikidata.org/entity/Q125127224,Chaitanya Pratap,star,Sarithiran,"The film stars S P Siddarth, Chaitanya Pratap, Sarithiran, and Ananth Nag in lead roles.",root_verb_fallback
Q125127224,Athomugam,http://www.wikidata.org/entity/Q125127224,Tamil,release,1 March 2024,The Tamil version of the film was theatrically released on 1 March 2024.,root_verb_fallback
Q115474889,Atlas (2024 film),http://www.wikidata.org/entity/Q115474889,Brad Peyton,direct,Leo Sardarian,The film is directed by Brad Peyton and written by Leo Sardarian and Aron Eli Coleite.,root_verb_fallback
Q115474889,Atlas (2024 film),http://www.wikidata.org/entity/Q115474889,Simu Liu,star,Sterling K. Brown,"The film also stars Simu Liu, Sterling K. Brown, and Mark Strong.",root_verb_fallback
Q124842799,Audrey (2024 film),http://www.wikidata.org/entity/Q124842799,Jackie van Beek,star,Jeremy Lindsay Taylor,"It stars Jackie van Beek, Jeremy Lindsay Taylor, Josephine Blazier, Hannah Diviney, and Aaron Fa'aoso.",root_verb_fallback
Q124842799,Audrey (2024 film),http://www.wikidata.org/entity/Q124842799,Australia,release,7 November 2024,It was released in Australia on 7 November 2024.,root_verb_fallback
Q126285104,Auron Mein Kahan Dum Tha,http://www.wikidata.org/entity/Q126285104,Ajay Devgn,star,Tabu,"The film stars Ajay Devgn and Tabu in their tenth film together alongside Jimmy Sheirgill, Shantanu Maheshwari and Saiee Manjrekar.",root_verb_fallback
Q125256465,Avatara Purusha 2,http://www.wikidata.org/entity/Q125256465,Sharan,star,Ashika Ranganath,It stars Sharan and Ashika Ranganath in the lead roles.,root_verb_fallback
Q125256465,Avatara Purusha 2,http://www.wikidata.org/entity/Q125256465,Abhinandan Kashyap,compose,William David,Abhinandan Kashyap composed the music while William David served as the cinematographer.,root_verb_fallback
Q130558712,Average Student Nani,http://www.wikidata.org/entity/Q130558712,Pawan Kumar Kothuri,feature,Sabiha Bhasin,"It also features Pawan Kumar Kothuri, Sabiha Bhasin and Sneha Malviya are in lead roles while Rajeev Kanakala, Viviya Santh, Jhansi, Khaleja Giri, Bindu and others are in supporting roles.",root_verb_fallback
Q125716857,Avicii – I'm Tim,http://www.wikidata.org/entity/Q125716857,Henrik Burman,direct,Björn Tjärnberg,"It is directed by Swedish director Henrik Burman, produced by Björn Tjärnberg, and features interviews from Chris Martin, Nile Rodgers and David Guetta among others.",root_verb_fallback
Q16246864,Ayalaan,http://www.wikidata.org/entity/Q16246864,Sharad Kelkar,star,Isha Koppikar,"The film stars Sivakarthikeyan and Rakul Preet Singh in the lead roles, alongside Sharad Kelkar, Isha Koppikar, Karunakaran, Yogi Babu, David Broughton-Davies, Bhanupriya and Bala Saravanan, with Siddharth voicing the titular role.",root_verb_fallback
Q122875375,Azrael (film),http://www.wikidata.org/entity/Q122875375,Samara Weaving,star,Vic Carmen Sonne,"The film stars Samara Weaving, Vic Carmen Sonne and Nathan Stewart-Jarrett.",root_verb_fallback
Q122875375,Azrael (film),http://www.wikidata.org/entity/Q122875375,2024,premier,"March 9, 2024","It premiered at the 2024 South by Southwest festival on March 9, 2024, and was released theatrically by IFC Films and Shudder in the United States on September 27, 2024.",root_verb_fallback
Q131109039,Babies Don't Come with Instructions,http://www.wikidata.org/entity/Q131109039,2024,come,Marta Sánchez,Babies Don't Come with Instructions is a 2024 Spanish comedy-drama film directed by Marina Seresesky and written by Marta Sánchez and Irene Niubó based on the 2013 Mexican film Instructions Not Included.,root_verb_fallback
Q131109039,Babies Don't Come with Instructions,http://www.wikidata.org/entity/Q131109039,Maia Zaitegi,star,Silvia Alonso,"It stars Maia Zaitegi, Paco León, and Silvia Alonso.",root_verb_fallback
Q128208700,Babli (film),http://www.wikidata.org/entity/Q128208700,15 August 2024,release,Raj Chakraborty Entertainment Productions,This film was released on 15 August 2024 under the banner of Raj Chakraborty Entertainment Productions.,root_verb_fallback
Q125486797,Baby (2024 film),http://www.wikidata.org/entity/Q125486797,Brazil,star,France,"A co-production between Brazil, France and the Netherlands, the film stars João Pedro Mariano as Wellington, a young man forced to fend for himself on the streets of São Paulo.",root_verb_fallback
Q125486797,Baby (2024 film),http://www.wikidata.org/entity/Q125486797,two-year,meet,Ronaldo,"Newly released from a two-year stint in juvenile detention, during which his parents moved away without leaving any indication of their whereabouts, he meets the older Ronaldo, an escort who becomes first a substitute father figure and then a love interest for Baby.",root_verb_fallback
Q125589298,Baby Assassins: Nice Days,http://www.wikidata.org/entity/Q125589298,Mahiro Fukugawa,follow,Chisato Sugimoto,"The series follows two young women who work as contract killers, Mahiro Fukugawa and Chisato Sugimoto as they struggle to adjust to modern society.",root_verb_fallback
Q125589298,Baby Assassins: Nice Days,http://www.wikidata.org/entity/Q125589298,Japan,consist,Shibuya Productions,"The series, distributed in Japan by Shibuya Productions, consists of three films and a twelve-episode television drama.",root_verb_fallback
Q124445827,Baby John (film),http://www.wikidata.org/entity/Q124445827,Varun Dhawan,star,Keerthy Suresh,"The film stars Varun Dhawan, alongside Keerthy Suresh, Wamiqa Gabbi, Zara Zyanna and Jackie Shroff.",root_verb_fallback
Q123861757,Babygirl,http://www.wikidata.org/entity/Q123861757,Sophie Wilde,star,Antonio Banderas,Sophie Wilde and Antonio Banderas also star.,root_verb_fallback
Q131293603,Bachchala Malli,http://www.wikidata.org/entity/Q131293603,Allari Naresh,star,Amritha Aiyer,"The film stars Allari Naresh and Amritha Aiyer in the lead roles, while Rao Ramesh, Kota Jayaram, and Rohini play supporting roles.",root_verb_fallback
Q131293603,Bachchala Malli,http://www.wikidata.org/entity/Q131293603,Vishal Chandrasekhar,compose,Richard M. Nathan,The music was composed by Vishal Chandrasekhar with cinematography by Richard M. Nathan and editing by Chota K. Prasad.,root_verb_fallback
Q124007194,Bachelor Party (2024 film),http://www.wikidata.org/entity/Q124007194,Diganth Manchale,star,Yogesh,"It stars Diganth Manchale, Yogesh and Achyuth Kumar in the lead roles.",root_verb_fallback
Q124007194,Bachelor Party (2024 film),http://www.wikidata.org/entity/Q124007194,Arjun Ramu,compose,Arvind S Kashyap,"The music was composed by Arjun Ramu, while the cinematography and editing were handled by Arvind S Kashyap and Abhishek M.",root_verb_fallback
Q130344094,Back Bencherz,http://www.wikidata.org/entity/Q130344094,Ramya Rajshekar,produce,Police Praki Production,"Produced by Ramya Rajshekar under Police Praki Production, and starring Jathin Aryan, Akash MP, Shashank Simha, Manya Gowda, Kunkum H, Anusha Suresh, Manoj Shetty, Namith Gowda and Suchendra Prasad.",root_verb_fallback
Q116507926,Back to Black (film),http://www.wikidata.org/entity/Q116507926,Sam Taylor-Johnson,star,Matt Greenhalgh,"Directed by Sam Taylor-Johnson and written by Matt Greenhalgh, the film also stars Jack O'Connell, Eddie Marsan and Lesley Manville.",root_verb_fallback
Q31271357,Bad Boys: Ride or Die,http://www.wikidata.org/entity/Q31271357,2020,direct,Adil El Arbi,"The fourth installment of the Bad Boys film series, and the sequel to Bad Boys for Life (2020), it was directed by Adil El Arbi and Bilall Fallah and written by Chris Bremner and Will Beall.",root_verb_fallback
Q31271357,Bad Boys: Ride or Die,http://www.wikidata.org/entity/Q31271357,Joe Pantoliano,reprise,Vanessa Hudgens,"In addition to the duo, Joe Pantoliano, Vanessa Hudgens, Alexander Ludwig, Paola Núñez, and Jacob Scipio also reprise their roles from previous installments.",root_verb_fallback
Q31271357,Bad Boys: Ride or Die,http://www.wikidata.org/entity/Q31271357,Theresa Burnett,replace,Theresa Randle,"Tasha Smith joins the cast as Theresa Burnett replacing Theresa Randle, who played the character in the first three films, along with new cast members that includes Eric Dane, Ioan Gruffud, Melanie Liburd, and Rhea Seehorn.",dependency
Q31271357,Bad Boys: Ride or Die,http://www.wikidata.org/entity/Q31271357,Miami,detective,Mike Lowrey,"The story follows Miami detectives Mike Lowrey and Marcus Burnett, who are attempting to clear the name of their late Captain Conrad Howard after he is falsely accused of conspiracy.",dependency
Q127406473,Bad Faith (film),http://www.wikidata.org/entity/Q127406473,the United States,explore,Paul Weyrich,"The film explores the rise of Christian nationalism in the United States and its opposition to American democracy, and the historic role of Christian nationalists in the conservative movement, beginning with Paul Weyrich and Jerry Falwell in the Moral Majority, and Weyrich's creation of the secretive Council for National Policy.",root_verb_fallback
Q127406473,Bad Faith (film),http://www.wikidata.org/entity/Q127406473,Donald Trump,oppose,January 6,"They opposed secular and democratic institutions, supported using government to promote Christianity, and much later, their political influence led to the support for the candidacy of Donald Trump, the subsequent January 6 United States Capitol attack, and the policy blueprints for Project 2025.",root_verb_fallback
Q130442779,Bad Genius (2024 film),http://www.wikidata.org/entity/Q130442779,Benedict Wong,star,Callina Liang,"It stars Benedict Wong, Callina Liang, Jabari Banks, Taylor Hickson, and Sarah-Jane Redmond.",root_verb_fallback
Q126492012,Bad Shabbos,http://www.wikidata.org/entity/Q126492012,Kyra Sedgwick,star,Shabbos,The film stars Kyra Sedgwick as the matriarch of a Jewish family as tensions come to a head during a Shabbos dinner.,root_verb_fallback
Q130539163,The Art of Nothing,http://www.wikidata.org/entity/Q130539163,Magritte Awards,nominate,Best Actor,"At the 14th Magritte Awards, The Art of Nothing was nominated in the categories of Best Actor (Poelvoorde) and Best Original Score.",root_verb_fallback
Q126086644,The Assessment,http://www.wikidata.org/entity/Q126086644,Elizabeth Olsen,star,Alicia Vikander,"The film stars Elizabeth Olsen, Alicia Vikander, and Himesh Patel, along with Indira Varma, Nicholas Pinnock, Charlotte Ritchie, Leah Harvey, and Minnie Driver.",root_verb_fallback
Q126086644,The Assessment,http://www.wikidata.org/entity/Q126086644,Dave Thomas,write,Nell Garfath-Cox,"It was written by Dave Thomas, Nell Garfath-Cox and John Donnelly and directed by Fleur Fortuné in her feature-length debut.",root_verb_fallback
Q118067937,Bade Miyan Chote Miyan (2024 film),http://www.wikidata.org/entity/Q118067937,1998,star,Pooja Entertainment,"Sharing its name with the 1998 film also produced by Pooja Entertainment, the film stars Akshay Kumar, Tiger Shroff and Prithviraj Sukumaran in the lead roles alongside Manushi Chhillar, Alaya F, Sonakshi Sinha and Ronit Roy.",root_verb_fallback
Q123469290,Badland Hunters,http://www.wikidata.org/entity/Q123469290,Concrete Utopia,follow,2023,"A standalone sequel to Concrete Utopia (2023), it follows characters trying to survive in post-earthquake Seoul, now an orderless wasteland, three years after the original film's events.",root_verb_fallback
Q123900891,Bagheera (2024 film),http://www.wikidata.org/entity/Q123900891,Sriimurali,star,Rukmini Vasanth,"It stars Sriimurali, alongside Rukmini Vasanth, Prakash Raj, Sudha Rani, Ramachandra Raju, Achyuth Kumar and Rangayana Raghu.",root_verb_fallback
Q123900891,Bagheera (2024 film),http://www.wikidata.org/entity/Q123900891,B. Ajaneesh Loknath,compose,Arjun Shetty,"The music was composed by B. Ajaneesh Loknath, while the cinematography and editing were handled by Arjun Shetty and Pranav Sri Prasad.",root_verb_fallback
Q131873061,Bagman (2024 film),http://www.wikidata.org/entity/Q131873061,Sam Claflin,star,Antonia Thomas,"It stars Sam Claflin, Antonia Thomas, William Hope, Steven Cree, and Frankie Corio.",root_verb_fallback
Q130421461,Bahirbhoomi,http://www.wikidata.org/entity/Q130421461,Noel Sean,feature,Rishitha Nellore,"The film features Noel Sean and Rishitha Nellore in lead roles with Chitram Srinu, Garima Singh and Jabardasth Phani in pivotal roles.",root_verb_fallback
Q131178012,Bahumukham,http://www.wikidata.org/entity/Q131178012,Arvind Reddy,direct,Crystal Mountain Productions,It is directed and Produced by HarShiv Karthik and Co produced by Arvind Reddy under Crystal Mountain Productions.,root_verb_fallback
Q126327869,Bajrang Aur Ali,http://www.wikidata.org/entity/Q126327869,Sachin Parikh,star,Gauri Shankar,It stars Sachin Parikh and Gauri Shankar.,root_verb_fallback
Q128796304,Balota (film),http://www.wikidata.org/entity/Q128796304,Marian Rivera,star,Will Ashley,"The film stars Marian Rivera as Emmy, a teacher who is thrust into a dangerous situation during a volatile local election, with Will Ashley, Nico Antonio, Royce Cabrera, Raheel Bhyria, Sue Prado, Felix Petate, Esnyr, Donna Cariaga, Joel Saracho, Gardo Versoza, and Mae Paner in supporting roles.",root_verb_fallback
Q128796304,Balota (film),http://www.wikidata.org/entity/Q128796304,Cinemalaya Philippine Independent Film Festival,premier,"August 2, 2024","The film premiered in competition at the 20th Cinemalaya Philippine Independent Film Festival on August 2, 2024.",root_verb_fallback
Q128796304,Balota (film),http://www.wikidata.org/entity/Q128796304,GMA Pictures,produce,GMA Entertainment Group,"It was produced by GMA Pictures, GMA Entertainment Group, and the Film Development Council of the Philippines.",root_verb_fallback
Q130259949,Balu Gani Talkies,http://www.wikidata.org/entity/Q130259949,Shiva Ramachandra Varapu,star,Saranya Sharma,The film stars Shiva Ramachandra Varapu and Saranya Sharma in the lead roles.,root_verb_fallback
Q125543967,Bambara Wasanthe,http://www.wikidata.org/entity/Q125543967,Perera,star,Tanasha Satharasinghe,"It stars Channa Perera and Tanasha Satharasinghe in lead roles along with Jagath Galappatti, Gayesha Perera, Buddhika Jayarathne and Rex Kodippili in supportive roles.",root_verb_fallback
Q130642124,Bandaa Singh Chaudhary,http://www.wikidata.org/entity/Q130642124,Starring Arshad,set,Meher Vij,"Starring Arshad Warsi and Meher Vij, the film is set around Punjab in 1984 where a man fights with militants for survival.",root_verb_fallback
Q131452092,Banzo (film),http://www.wikidata.org/entity/Q131452092,Alfonso Paivaand,present,Hoji Fortuna,"Starring Carloto Cotta as Dr. Alfonso Paivaand and Hoji Fortuna as Alphonse, the film presents the legacy of Portuguese colonialism in Africa, revisiting memories and historical scars.",root_verb_fallback
Q126086650,Barah x Barah,http://www.wikidata.org/entity/Q126086650,Gyanendra Tripathi,star,Geetika Vidya Ohlyan,"It stars Gyanendra Tripathi, Geetika Vidya Ohlyan, Bhumika Dube.",root_verb_fallback
Q126086650,Barah x Barah,http://www.wikidata.org/entity/Q126086650,Varanasi,depict,India,"The movie depicts life in Varanasi, one of India's oldest cities as it undergoes gradual changes.",root_verb_fallback
Q138773972,Baratani: The Hill of Lovers,http://www.wikidata.org/entity/Q138773972,Tswana,feature,Tshepie Olds,"A filmic retelling of a popular Tswana folk tale, it features Tshepie Olds, Bernard Morapedi, and Omphile Mabine in lead roles.",root_verb_fallback
Q130341354,Bare Hands (film),http://www.wikidata.org/entity/Q130341354,23 October 2024,premier,Italy,"It premiered at the 19th Rome Film Festival on 23 October 2024, and received a theatrical release in Italy on 5 June 2025.",root_verb_fallback
Q85845478,Barroz 3D,http://www.wikidata.org/entity/Q85845478,Mohanlal,star,Maya Rao West,"The film stars Mohanlal in the titular role, alongside Maya Rao West, Cesar Lorente Raton, Ignacio Mateos, Kallirroi Tziafeta, Nerea Camacho and Tuhin Menon.",root_verb_fallback
Q123749605,Bastar: The Naxal Story,http://www.wikidata.org/entity/Q123749605,Adah Sharma,star,Indira Tiwari,"It stars Adah Sharma, Indira Tiwari, Vijay Krishna, Shilpa Shukla, Yashpal Sharma, Subrat Dutta and Raima Sen.",root_verb_fallback
Q131056987,Batman Beyond: Year One,http://www.wikidata.org/entity/Q131056987,Ryan Potter,star,Terry McGinnis / Batman,"It stars Ryan Potter as Terry McGinnis / Batman, alongside Isabelle Hahn, Fiona Dorn, Justin Vancho, and Koki Tomlinson.",root_verb_fallback
Q135454923,Bau: Artist at War,http://www.wikidata.org/entity/Q135454923,Josh Zuckerman,star,Yan Tual,"The film also stars Josh Zuckerman, Yan Tual, Eugene Lipinski, Josh Blacker, Edward Foy, Chris Cope and Adam Tsekhman, and chronicles Bau's imprisonment in the Kraków-Płaszów concentration camp during World War II, and his subsequent relationship and wedding with Rebecca.",root_verb_fallback
Q126930038,Bayamariya Brammai,http://www.wikidata.org/entity/Q126930038,JD,star,Guru Somasundaram,"The film stars JD, Guru Somasundaram, Harish Uthaman, John Vijay in lead roles.",root_verb_fallback
Q126930038,Bayamariya Brammai,http://www.wikidata.org/entity/Q126930038,Jagadish,produce,Rahul Kabali,The film was produced by Jagadish and Rahul Kabali under the banner of 69 MM Films.,root_verb_fallback
Q126930038,Bayamariya Brammai,http://www.wikidata.org/entity/Q126930038,Nandha,do,Akhil Prakash,The cinematography was done by Nandha and Praveen V and the editing was handled by Akhil Prakash.,root_verb_fallback
Q136484810,"Be My Guest, Be My Baby",http://www.wikidata.org/entity/Q136484810,the Kosho Nakashima,follow,Japan,"An adaptation of the Kosho Nakashima book The Sociology of Filipino Pub Women, it follows a graduate student doing research on female foreign workers in Japan as he falls in love with a Filipino pub hostess.",root_verb_fallback
Q125390775,Beast of Two Worlds,http://www.wikidata.org/entity/Q125390775,Eniola Ajao,star,Odunlade Adekola,"The film stars Eniola Ajao, Odunlade Adekola, Sola Sobowale, Femi Adebayo, Lateef Adedimeji, Fathia Balogun, Bimbo Akintola, Olayode Juliana and others.",root_verb_fallback
Q125390775,Beast of Two Worlds,http://www.wikidata.org/entity/Q125390775,Ajao,produce,Anthill Studios,"The film which is Ajao's debut cinema production, was produced in collaboration with Anthill Studios, owned by Niyi Akinmolayan.",root_verb_fallback
Q125390775,Beast of Two Worlds,http://www.wikidata.org/entity/Q125390775,Ajakaju,release,Friday,"Beast of Two Worlds (Ajakaju) was released in Nigerian cinemas on Friday, 29 March 2024.",root_verb_fallback
Q135558996,"Beat Ronaldo, Win $1,000,000",http://www.wikidata.org/entity/Q135558996,Cristiano Ronaldo,feature,Tom Brady,"The video features top-tier athletes—including Cristiano Ronaldo, Tom Brady, Noah Lyles, Bryce Harper, and Bryson DeChambeau—competing against fans in sports-based contests for cash prizes and exposure.",root_verb_fallback
Q118567428,Beating Hearts,http://www.wikidata.org/entity/Q118567428,Adèle Exarchopoulos,star,François Civil,It stars Adèle Exarchopoulos and François Civil.,root_verb_fallback
Q118567428,Beating Hearts,http://www.wikidata.org/entity/Q118567428,Mallory Wanecque,include,Malik Frikah,"The ensemble cast includes Mallory Wanecque, Malik Frikah, Alain Chabat, Benoît Poelvoorde, Vincent Lacoste, Jean-Pascal Zadi, Élodie Bouchez, Karim Leklou, Raphaël Quenard and Anthony Bajon.",root_verb_fallback
Q131226671,Beatles '64,http://www.wikidata.org/entity/Q131226671,Disney+,release,29 November 2024,It was released on Disney+ on 29 November 2024.,root_verb_fallback
Q128738602,Beautiful Audrey,http://www.wikidata.org/entity/Q128738602,Kim Jung-nan,star,Park Ji-hoon,"It stars Kim Jung-nan, Park Ji-hoon and Kim Bo-young.",root_verb_fallback
Q130284192,"Beautiful Evening, Beautiful Day",http://www.wikidata.org/entity/Q130284192,Emir Hadžihafizbegović,star,Elmir Krivalić,"It stars Emir Hadžihafizbegović, Elmir Krivalić, Dado Ćosić, Slaven Došlo, and Đorđe Galić.",root_verb_fallback
Q124544558,Beautiful Rebel,http://www.wikidata.org/entity/Q124544558,Netflix,release,2 May 2024,It was released on Netflix on 2 May 2024.,root_verb_fallback
Q124257974,Beautiful Wedding,http://www.wikidata.org/entity/Q124257974,Jamie McGuire's,base,2013,"It is based on Jamie McGuire's 2013 novel A Beautiful Wedding, and serves as the sequel to Beautiful Disaster (2023).",root_verb_fallback
Q130355853,Because I Love Bad Weather,http://www.wikidata.org/entity/Q130355853,Starring Neda Spasova,star,Vladimir Mihaylov,"Starring Neda Spasova and Vladimir Mihaylov accompanied by Boryana Puncheva, Eleni Dekidis, Ivan Barnev and Veselin Rankov.",root_verb_fallback
Q112865900,Beetlejuice Beetlejuice,http://www.wikidata.org/entity/Q112865900,Beetlejuice,star,1988,"The sequel to Beetlejuice (1988), the film stars Michael Keaton, Winona Ryder and Catherine O'Hara reprising their roles alongside new cast members Justin Theroux, Monica Bellucci, Jenna Ortega and Willem Dafoe.",root_verb_fallback
Q112865900,Beetlejuice Beetlejuice,http://www.wikidata.org/entity/Q112865900,more than three decades,follow,Lydia Deetz,"Set more than three decades after the first film, it follows Lydia Deetz, now a mother, struggling to keep her family together in the wake of a loss as Beetlejuice returns to haunt her.",root_verb_fallback
Q124364759,Before Marriage,http://www.wikidata.org/entity/Q124364759,Naveena Reddy,star,Naga Mahesh,The film stars Naveena Reddy and Naga Mahesh in the lead roles with Sunitha Manohar and B.Supriya portraying supporting roles.,root_verb_fallback
Q130416903,Behuli from Meghauli,http://www.wikidata.org/entity/Q130416903,Nischal Basnet,produce,Swastima Khadka,The film is produced by Nischal Basnet and Swastima Khadka under the banner of Black Horse Pictures and Meghauli Films.,root_verb_fallback
Q130416903,Behuli from Meghauli,http://www.wikidata.org/entity/Q130416903,Nischal Basnet,star,Swastima Khadka,"The film stars the producer duo, Nischal Basnet and Swastima Khadka in lead roles alongside Basundhara Bhusal, Bijay Baral, Rakshya Thapa, Simran Khadka as supporting cast.",root_verb_fallback
Q126289618,La bandera,http://www.wikidata.org/entity/Q126289618,Imanol Arias,star,Fernández,"It stars Imanol Arias, Ana Fernández, Miquel Fernández, and Aitor Luna.",root_verb_fallback
Q124663486,The Balconettes,http://www.wikidata.org/entity/Q124663486,Souheila Yacoub,follow,France,"The film, which co-stars Souheila Yacoub and Sanda Codreanu, follows three young women during a heatwave in the south of France.",root_verb_fallback
Q128598837,The Battle of Saint-Léonard,http://www.wikidata.org/entity/Q128598837,the late 1960s,profile,Saint-Léonard,"The film profiles the late 1960s political controversy in Saint-Léonard, Quebec, when Italian Canadians and pure laine francophone Quebecers found themselves in deep conflict over education reform proposals that would have eliminated bilingual Roman Catholic schools and provided all Catholic education exclusively in French.",root_verb_fallback
Q125400786,The Beach Boys (film),http://www.wikidata.org/entity/Q125400786,Brian Wilson,examine,Mike Love,"Featuring interviews from band members Brian Wilson, Mike Love, Al Jardine, David Marks and Bruce Johnston, as well as archival footage of Carl Wilson and Dennis Wilson, the film examines the band's history beginning with their formation up until the mid-1970s.",root_verb_fallback
Q125400786,The Beach Boys (film),http://www.wikidata.org/entity/Q125400786,Janelle Monáe,feature,Lindsey Buckingham,"The film also features appearances from Janelle Monáe, Lindsey Buckingham, Ryan Tedder and Don Was.",root_verb_fallback
Q126734843,The Beast Within (2024 film),http://www.wikidata.org/entity/Q126734843,Kit Harington,star,Ashleigh Cummings,"The film stars Kit Harington, Ashleigh Cummings, James Cosmo, and Caoilinn Springall.",root_verb_fallback
Q115766625,The Beekeeper (2024 film),http://www.wikidata.org/entity/Q115766625,Jason Statham,star,Emmy Raver-Lampman,"It stars Jason Statham, Emmy Raver-Lampman, Josh Hutcherson, Bobby Naderi, Minnie Driver, Phylicia Rashad, and Jeremy Irons.",root_verb_fallback
Q124733934,Being Blanche Houellebecq,http://www.wikidata.org/entity/Q124733934,Blanche Gardin,star,Michel Houellebecq,It stars Blanche Gardin and Michel Houellebecq and revolves around a Houellebecq look-alike contest held in Guadeloupe.,root_verb_fallback
Q125665892,Being Maria,http://www.wikidata.org/entity/Q125665892,Anamaria Vartolomei,star,Céleste Brunnquell,"It stars Anamaria Vartolomei in the title role, with Céleste Brunnquell, Giuseppe Maggio, Yvan Attal, Marie Gillain, Jonathan Couzinié and Matt Dillon in supporting roles.",root_verb_fallback
Q134475036,Beloved Tropic,http://www.wikidata.org/entity/Q134475036,García,follow,Jenny Navarrete,"Starring Paulina García and Jenny Navarrete, it follows the relationship between an upper-class woman with dementia and her immigrant caregiver.",root_verb_fallback
Q125491234,Bengal 1947,http://www.wikidata.org/entity/Q125491234,Devoleena Bhattacharjee,feature,Aditya Lakhia,"The film features Devoleena Bhattacharjee, Aditya Lakhia, Sohaila Kapur, and Ankur Armam as lead characters.",root_verb_fallback
Q106261265,Better Man (film),http://www.wikidata.org/entity/Q106261265,Robbie Williams,base,Williams,"It is based on the life of the English singer Robbie Williams and stars Williams, Jonno Davies, Steve Pemberton and Alison Steadman, and is a co-production between Australia, China, France, the United Kingdom and the United States.",root_verb_fallback
Q130296632,Between Us (2024 film),http://www.wikidata.org/entity/Q130296632,Alessandra Fuller,accompany,Diego Domínguez,"Starring Alessandra Fuller and Diego Domínguez accompanied by Miguel Iza, Adrián Pedraja, Rosalinda Galán and Alfons Nieto.",root_verb_fallback
Q123690367,Between the Temples,http://www.wikidata.org/entity/Q123690367,Jason Schwartzman,star,Carol Kane,"The film stars Jason Schwartzman, Carol Kane, Caroline Aaron, Robert Smigel, Madeline Weinstein, Matthew Shear, and Dolly de Leon.",root_verb_fallback
Q123823199,Betânia,http://www.wikidata.org/entity/Q123823199,Diana Mattos,revolve,Betânia 65,"The film, starring Diana Mattos, revolves around Betânia 65, a stalwart family matriarch, who is on a turbulent ride on the ever-shifting sands of time.",root_verb_fallback
Q113650759,Beverly Hills Cop: Axel F,http://www.wikidata.org/entity/Q113650759,Eddie Murphy,reprise,Reinhold,"Eddie Murphy, Judge Reinhold, John Ashton, Paul Reiser, and Bronson Pinchot reprise their roles from previous films in the franchise, while Joseph Gordon-Levitt, Taylour Paige, and Kevin Bacon star in new roles.",root_verb_fallback
Q113650759,Beverly Hills Cop: Axel F,http://www.wikidata.org/entity/Q113650759,Ashton,die,two months,The film was Ashton's final role; he died two months following its release.,root_verb_fallback
Q130473708,Bhairadevi,http://www.wikidata.org/entity/Q130473708,Radhika,feature,Ramesh Aravind,"Besides Radhika in dual roles, the film features Ramesh Aravind, Anu Prabhakar, Skanda Ashok, P. Ravishankar and Rangayana Raghu in lead supporting roles.",root_verb_fallback
Q125573172,Bhairathi Ranagal,http://www.wikidata.org/entity/Q125573172,2017,star,Mufti,"A prequel to the 2017 film Mufti, it stars Shiva Rajkumar, alongside Rahul Bose, Rukmini Vasanth, Devaraj, Chaya Singh, Madhu Guruswamy, Shabeer Kallarakkal and Babu Hirannaiah.",root_verb_fallback
Q125573172,Bhairathi Ranagal,http://www.wikidata.org/entity/Q125573172,Ravi Basrur,compose,Naveen Kumar,"The music was composed by Ravi Basrur, while the cinematography and editing were composed by Naveen Kumar and Akash Hiremath respectively.",root_verb_fallback
Q125026831,Bhaiyya Ji,http://www.wikidata.org/entity/Q125026831,Manoj Bajpayee,star,Karki,"It stars Manoj Bajpayee in the titular role, reuniting with Karki after the legal drama Sirf Ek Bandaa Kaafi Hai (2023).",root_verb_fallback
Q126468405,Bhaje Vaayu Vegam,http://www.wikidata.org/entity/Q126468405,Kartikeya Gummakonda,feature,Rahul Haridas,"The film features Kartikeya Gummakonda and Rahul Haridas, alongside Iswarya Menon, Tanikella Bharani, P. Ravi Shankar and Sharath Lohithaswa.",root_verb_fallback
Q126468405,Bhaje Vaayu Vegam,http://www.wikidata.org/entity/Q126468405,Radhan,compose,Kapil Kumar,"The soundtrack and musical score were composed by Radhan and Kapil Kumar, while cinematography and editing were handled by R. D. Rajasekhar and Satya Giduturi, respectively.",root_verb_fallback
Q124323601,Bhakshak,http://www.wikidata.org/entity/Q124323601,Gauri Khan,direct,Gaurav Verma,"It is directed by Pulkit and produced by Gauri Khan and Gaurav Verma under banner Red Chillies Entertainment, the film stars Bhumi Pednekar, Sanjay Mishra, Aditya Srivastava and Sai Tamhankar.",root_verb_fallback
Q124323601,Bhakshak,http://www.wikidata.org/entity/Q124323601,Netflix,premier,9 February 2024,It premiered on Netflix on 9 February 2024.,root_verb_fallback
Q131178042,Bhale Unnade,http://www.wikidata.org/entity/Q131178042,Raj Tarun,star,Manisha Kandkur,"It stars Raj Tarun and Manisha Kandkur in the lead roles, with supporting performances by Abhirami, Singeetam Srinivasa Rao, and others.",root_verb_fallback
Q130416897,Bhalle Padharya,http://www.wikidata.org/entity/Q130416897,Bharat Chawda,star,Prem Gadhavi,"It stars Bharat Chawda, Prem Gadhavi Saurabh Rajyaguru and others.",root_verb_fallback
Q130416897,Bhalle Padharya,http://www.wikidata.org/entity/Q130416897,Puja N Madhav,produce,Tanna,"The film is produced by Puja N Madhav and Co Produced by Durgesh Tanna, Garima Nandu & Dev Rao Jadhav.",root_verb_fallback
Q124616226,Bhamakalapam 2,http://www.wikidata.org/entity/Q124616226,Bhamakalapam,feature,2022,"A sequel to Bhamakalapam (2022), the film features Priyamani, Sharanya Pradeep, Raghu Mukherjee, and Seerat Kapoor.",root_verb_fallback
Q130604704,Bharathanatyam (film),http://www.wikidata.org/entity/Q130604704,Saiju Kurup,star,Saikumar,"The film stars Saiju Kurup, Saikumar, Kalaranjini and Sreeja Ravi in the lead roles.",root_verb_fallback
Q136002126,Bharjari Gandu (2024 film),http://www.wikidata.org/entity/Q136002126,Kiran Raj,star,Yasha Shivakumar,The film stars Kiran Raj and Yasha Shivakumar in the lead roles.,root_verb_fallback
Q136002126,Bharjari Gandu (2024 film),http://www.wikidata.org/entity/Q136002126,Gummineni Vijay,compose,Kitty Koushik,The film's music is composed by Gummineni Vijay and cinematography is by Kitty Koushik.,root_verb_fallback
Q125880749,Bharkhama,http://www.wikidata.org/entity/Q125880749,Shravan Sagar,feature,Rajveer Gurjar Bassi,"It features an ensemble cast, including Shravan Sagar, Anjali Raghav, Rajveer Gurjar Bassi, Garima Kapoor, Sahil Chandel and Jitendra Chawdi.",root_verb_fallback
Q117842563,Bheema (2024 film),http://www.wikidata.org/entity/Q117842563,Black Dragon Manju,star,Gili Gili Chandru,"The film stars himself alongside Ashwini, Black Dragon Manju, Gili Gili Chandru, Rangayana Raghu, Achyuth Kumar, Gopal Krishna Deshpande and Ramesh Indira.",root_verb_fallback
Q117842563,Bheema (2024 film),http://www.wikidata.org/entity/Q117842563,Charan Raj,compose,Shiva Sena,"The music was composed by Charan Raj, while the cinematography and editing were handled by Shiva Sena and Deepu S. Kumar.",root_verb_fallback
Q136450433,Bhera (film),http://www.wikidata.org/entity/Q136450433,Sakaav,base,Prasad Khanolkar,It is based on the short story Sakaav by Prasad Khanolkar and is notable for being the first feature film entirely made in the Malvani dialect of Marathi.,root_verb_fallback
Q124304409,Bhimaa,http://www.wikidata.org/entity/Q124304409,Priya Bhavani Shankar,star,Malvika Sharma,"It stars Gopichand in a dual role as identical twin brothers along with Priya Bhavani Shankar, Malvika Sharma, Nassar, Naresh, Poorna, Vennela Kishore, Raghu Babu, Mukesh Tiwari, Chammak Chandra, Niharika Konidela and Rohini.",root_verb_fallback
Q124304409,Bhimaa,http://www.wikidata.org/entity/Q124304409,Ravi Basrur,compose,Swamy J. Gowda,The music was composed by Ravi Basrur with cinematography by Swamy J. Gowda and editing by Tammiraju.,root_verb_fallback
Q126954881,Bhool Bhulaiyaa 3,http://www.wikidata.org/entity/Q126954881,Bhool Bhulaiyaa,serve,2007,It serves as the third installment of the eponymous franchise after Bhool Bhulaiyaa (2007) and Bhool Bhulaiyaa 2 (2022).,root_verb_fallback
Q126954881,Bhool Bhulaiyaa 3,http://www.wikidata.org/entity/Q126954881,Kartik Aaryan,star,Vidya Balan,"It stars Kartik Aaryan, Vidya Balan, Madhuri Dixit and Triptii Dimri, and is set in Kolkata.",root_verb_fallback
Q133809684,Bibi's Dog Is Dead,http://www.wikidata.org/entity/Q133809684,Bryn McAuley,star,Bibi,"It stars Bryn McAuley as Bibi, a woman struggling with whether or not to call her ex-boyfriend Adam after her dog dies.",root_verb_fallback
Q131601586,Bibii,http://www.wikidata.org/entity/Q131601586,Mohamed Ali,star,Aishath Fuwad,"Co-produced by Mohamed Ali and Aishath Fuwad under Dark Rain Entertainment, the film stars Sharaf Abdulla, Mariyam Majudha, Sheela Najeeb, Ahmed Saeed, Aman Ali and Abdullah Shafiu Ibrahim in pivotal roles.",root_verb_fallback
Q125750419,Big City Greens the Movie: Spacecation,http://www.wikidata.org/entity/Q125750419,Anna O'Brian,direct,Lacey Dyer,"The film was directed by Anna O'Brian and written by Lacey Dyer, Julia Layton, Mike Yank, and Shane and Chris Houghton.",root_verb_fallback
Q125750419,Big City Greens the Movie: Spacecation,http://www.wikidata.org/entity/Q125750419,Chris Houghton,star,Marieve Herington,"It stars the voices of series regulars Chris Houghton, Marieve Herington, Bob Joles, Artemis Pebdani, Wendi McLendon-Covey, and Anna Akana, along with Cheri Oteri and Renée Elise Goldsberry.",root_verb_fallback
Q125750419,Big City Greens the Movie: Spacecation,http://www.wikidata.org/entity/Q125750419,Cricket Green,thrust,Bill,"In the film, Cricket Green thrusts himself and his family into an experimental farming mission in space that soon devolves into chaos, while his ideas test his relationship with his father, Bill.",root_verb_fallback
Q126889447,Bikechess,http://www.wikidata.org/entity/Q126889447,9 June 2024,have,Best International Narrative Feature,"The French-Kazakh-Norwegian co-production had its world premiere at the Tribeca Festival on 9 June 2024, where the film won Best International Narrative Feature.",root_verb_fallback
Q124853379,Billy Preston: That's the Way God Planned It,http://www.wikidata.org/entity/Q124853379,Billy Preston,document,his early years,"It documents the life of keyboardist, singer and songwriter Billy Preston, from his early years as a child prodigy to his death in 2006.",root_verb_fallback
Q130362806,Binny and Family,http://www.wikidata.org/entity/Q130362806,Balaji Telefilms,present,Mahaveer Jain,The film is presented by Balaji Telefilms and Mahaveer Jain in association with Shashank Khaitan and Mrighdeep Singh Lamba.,root_verb_fallback
Q130362806,Binny and Family,http://www.wikidata.org/entity/Q130362806,Anjini Dhawan,star,Pankaj Kapur,"It stars Anjini Dhawan, Pankaj Kapur, Rajesh Kumar, Himani Shivpuri, Charu Shankar and Naman Tripathy.",root_verb_fallback
Q131289297,The Beldham (film),http://www.wikidata.org/entity/Q131289297,Patricia Heaton,star,Katie Parker,"The film stars Patricia Heaton, Katie Parker, Emma Fitzpatrick and Corbin Bernsen.",root_verb_fallback
Q131289297,The Beldham (film),http://www.wikidata.org/entity/Q131289297,the United Kingdom,release,Ireland,"Signature Entertainment released the film on video on demand in the United Kingdom, Ireland and Latin America on October 20, 2025.",root_verb_fallback
Q131289297,The Beldham (film),http://www.wikidata.org/entity/Q131289297,Quiver Distribution,release,the United States,"The film was released by Quiver Distribution in the United States on November 7, 2025.",root_verb_fallback
Q125830099,The Belle from Gaza,http://www.wikidata.org/entity/Q125830099,Zauberman,follow,Tel Aviv,The film follows Zauberman's pursuit of a trans woman who traveled on foot to Tel Aviv from Gaza.,root_verb_fallback
Q123597250,The Best Christmas Pageant Ever (film),http://www.wikidata.org/entity/Q123597250,Starring Judy Greer,star,Pete Holmes,"Starring Judy Greer, Pete Holmes, Molly Belle Wright, and Lauren Graham, the plot centers around the Herdmans, a group of juvenile delinquent siblings who have unexpectedly found themselves starring in their small town's Christmas pageant.",root_verb_fallback
Q130266010,The Bibi Files,http://www.wikidata.org/entity/Q130266010,2024,screen,Doc NYC,"It was screened as a work-in-progress film at the 2024 Toronto International Film Festival, and had its official world premiere at Doc NYC on November 14, 2024.",root_verb_fallback
Q130266010,The Bibi Files,http://www.wikidata.org/entity/Q130266010,the United States,release,"December 11, 2024","It was later released on direct-to-consumer film platform Jolt in the United States on December 11, 2024.",root_verb_fallback
Q125635770,Birth (2024 film),http://www.wikidata.org/entity/Q125635770,Sofía Milán,star,María Vázquez,It stars Sofía Milán alongside María Vázquez.,root_verb_fallback
Q119439912,Birthmark (film),http://www.wikidata.org/entity/Q119439912,Shabeer Kallarakkal,star,Mirnaa,The film stars Shabeer Kallarakkal and Mirnaa in the lead roles.,root_verb_fallback
Q119439912,Birthmark (film),http://www.wikidata.org/entity/Q119439912,Vikram Shreedharan,produce,Sriram Sivaraman,The film was produced by Vikram Shreedharan and Sriram Sivaraman under the banners of Sapiens Entertainment.,root_verb_fallback
Q127222124,Bisi-Bisi Ice-Cream,http://www.wikidata.org/entity/Q127222124,Akshara Bharadwaj,produce,Boiled Beans Pictures,"Produced by Akshara Bharadwaj under Boiled Beans Pictures, and starring Aravind Iyer, Siri Ravikumar and Gopalakrishna Deshpande.",root_verb_fallback
Q134184090,Bitter Gold,http://www.wikidata.org/entity/Q134184090,Francisco Melo,star,Katalina Sánchez,The film stars Francisco Melo and Katalina Sánchez as a gold miner and his teenage daughter who defend an illegal gold mine from other miners who want to steal from them.,root_verb_fallback
Q130367880,Black (2024 film),http://www.wikidata.org/entity/Q130367880,Priya Bhavani Shankar,star,Vivek Prasanna,"The film stars Jiiva and Priya Bhavani Shankar in the lead roles, alongside Vivek Prasanna, Yog Japee and Swayam Siddha.",root_verb_fallback
Q130367880,Black (2024 film),http://www.wikidata.org/entity/Q130367880,Vasanth,follow,Aranya,The film follows newlyweds Vasanth and Aranya who goes on a vacation but realize they are stuck in a worm hole which changes timeline each time they pass it.,root_verb_fallback
Q126074918,Black Dog (2024 film),http://www.wikidata.org/entity/Q126074918,the 77th Cannes Film Festival,have,18 May 2024,"The film had its world premiere at the 77th Cannes Film Festival on 18 May 2024, where it won the Un Certain Regard prize.",root_verb_fallback
Q126478688,Blackout (2024 film),http://www.wikidata.org/entity/Q126478688,Vikrant Massey,star,Ruhani Sharma,"It stars Vikrant Massey, Ruhani Sharma, Sunil Grover, Mouni Roy, Jisshu Sengupta, Anant Vijay Joshi, Prasad Oak, Kelly Dorji and others.",root_verb_fallback
Q126478688,Blackout (2024 film),http://www.wikidata.org/entity/Q126478688,7 June 2024,release,JioCinema,"The film was released on 7 June 2024 on JioCinema, to mixed reviews from critics.",root_verb_fallback
Q130248805,Blackwater Lane,http://www.wikidata.org/entity/Q130248805,Minka Kelly,star,Maggie Grace,"The film stars Minka Kelly, Maggie Grace, and Dermot Mulroney.",root_verb_fallback
Q124950084,Blink (2024 Indian film),http://www.wikidata.org/entity/Q124950084,Dheekshith Shetty,star,Chaithra J Achar,The film stars Dheekshith Shetty and Chaithra J Achar in lead roles.,root_verb_fallback
Q124950084,Blink (2024 Indian film),http://www.wikidata.org/entity/Q124950084,Prasanna Kumar MS,compose,Avinaasha Shastry,"The soundtrack and background score were composed by Prasanna Kumar MS, while the cinematography handled by Avinaasha Shastry and editing done by Sanjeev Jagirdar.",root_verb_fallback
Q113012523,Blink Twice,http://www.wikidata.org/entity/Q113012523,Naomi Ackie,star,Channing Tatum,"The film stars Naomi Ackie, Channing Tatum, Christian Slater, Simon Rex, Adria Arjona, Haley Joel Osment, Kyle MacLachlan, Geena Davis, and Alia Shawkat.",root_verb_fallback
Q115616116,Blitz (2024 film),http://www.wikidata.org/entity/Q115616116,Saoirse Ronan,star,Elliott Heffernan,"The film stars Saoirse Ronan and Elliott Heffernan, supported by Harris Dickinson, Benjamin Clementine, Kathy Burke, Paul Weller, and Stephen Graham.",root_verb_fallback
Q125793680,Block Pass,http://www.wikidata.org/entity/Q125793680,Amaury Foucher,star,Jojo,"The film stars Amaury Foucher as Jojo, a teenager living in Longué-Jumelles who is training as a motocross racer, and Sayyid El Alami as Willy, his longtime best friend whose support and loyalty prove critical to Jojo's survival after he is outed to the community as gay.",root_verb_fallback
Q131386935,Blood Star,http://www.wikidata.org/entity/Q131386935,Jacomelli,star,Taylor,"Produced by Jacomelli, Taylor and Zaina Taibi, the film stars John Schwab, Britni Camacho, Sydney Brumfield, Travis Lincoln Cox, Felix Merback, Brandon Brown and Wyomi Reed.",root_verb_fallback
Q131386935,Blood Star,http://www.wikidata.org/entity/Q131386935,Palmdale,follow,California,"Shot in and around Palmdale, California, Blood Star follows a woman's fight for survival against a psychopathic small-town sheriff who exploits his badge to feed his violent impulses.",root_verb_fallback
Q131416415,Blood and Black,http://www.wikidata.org/entity/Q131416415,Sugi Vijay,star,Yanni Jackson,The film stars Sugi Vijay and Yanni Jackson.,root_verb_fallback
Q116951732,Bloodline Killer,http://www.wikidata.org/entity/Q116951732,Bruce Dern,star,Tyrese Gibson,"It stars Bruce Dern, Tyrese Gibson, Shawnee Smith and Taryn Manning.",root_verb_fallback
Q131675170,Bloody Axe Wound,http://www.wikidata.org/entity/Q131675170,Sari Arambulo,star,Molly Brown,"It stars Sari Arambulo, Molly Brown, Billy Burke, and Jeffrey Dean Morgan.",root_verb_fallback
Q131675170,Bloody Axe Wound,http://www.wikidata.org/entity/Q131675170,Abbie Bladecut,follow,Roger Bladecut,The film follows teenager Abbie Bladecut (Arambulo) through her coming of age journey as the daughter of famous serial killer Roger Bladecut (Burke).,root_verb_fallback
Q130629664,Bloody Beggar,http://www.wikidata.org/entity/Q130629664,Kavin,star,Radha Ravi,"The film stars Kavin in the lead role, alongside Radha Ravi, Redin Kingsley, Padam Venu Kumar, Prudhvi Raj, Saleema, Priyadharshini Rajkumar, Sunil Sukhada and T. M. Karthik.",root_verb_fallback
Q127566781,Bloody Ishq,http://www.wikidata.org/entity/Q127566781,Avika Gor,star,Vardhan Puri,The film stars Avika Gor and Vardhan Puri.,root_verb_fallback
Q127566781,Bloody Ishq,http://www.wikidata.org/entity/Q127566781,26 July 2024,premier,Disney+ Hotstar,The film premiered on 26 July 2024 on Disney+ Hotstar.,root_verb_fallback
Q130380851,Blossoms Under Somewhere,http://www.wikidata.org/entity/Q130380851,Marife Yau,explore,Sheena Chan,"Starring Marife Yau and Sheena Chan as a pair of schoolgirls, the film explores their experiences while selling lingerie they have worn online and the unexpected attention they attracted.",root_verb_fallback
Q129598368,Blue Sky Jo,http://www.wikidata.org/entity/Q129598368,Marie-Renée Lavoie's,star,2010,"Adapted from Marie-Renée Lavoie's 2010 novel La petite et le vieux, the film stars Juliette Bharucha as Jo-Hélène, a young girl in the blue-collar Limoilou neighbourhood of Quebec City who befriends her elderly neighbour Roger.",root_verb_fallback
Q123581060,Blue Star (film),http://www.wikidata.org/entity/Q123581060,Ashok Selvan,star,Shanthanu Bhagyaraj,"The film stars Ashok Selvan, Shanthanu Bhagyaraj and Keerthi Pandian, with Prithvi Rajan, Bagavathi Perumal, Elango Kumaravel and Lizzie Antony in supporting roles, and Saju Navodaya in an extended cameo.",root_verb_fallback
Q123581060,Blue Star (film),http://www.wikidata.org/entity/Q123581060,Govind Vasantha,feature,Thamizh A Azhagan,The film features music composed by Govind Vasantha with cinematography by Thamizh A Azhagan and editing by Selva R. K.,root_verb_fallback
Q132888577,Blue Sun Palace,http://www.wikidata.org/entity/Q132888577,Lee Kang-sheng,star,Wu Ke-xi,"It stars Lee Kang-sheng, Wu Ke-xi and Haipeng Xu.",root_verb_fallback
Q128502301,Boat (2024 film),http://www.wikidata.org/entity/Q128502301,Yogi Babu,star,Gouri G. Kishan,"The film stars Yogi Babu, and Gouri G. Kishan with M. S. Bhaskar, Chinni Jayanth, Jesse Fox-Allen, Chaams, Jangiri Madhumitha, Shah Ra, Kulappulli Leela, and Aakshath Das in supporting roles.",root_verb_fallback
Q112341432,Bob Marley: One Love,http://www.wikidata.org/entity/Q112341432,Reinaldo Marcus Green,direct,Terence Winter,"The film is directed by Reinaldo Marcus Green, who co-wrote the screenplay with Terence Winter, Frank E. Flowers, and Zach Baylin.",root_verb_fallback
Q112341432,Bob Marley: One Love,http://www.wikidata.org/entity/Q112341432,Lashana Lynch,star,Rita Marley,It also stars Lashana Lynch as Rita Marley and James Norton as Chris Blackwell.,root_verb_fallback
Q124844804,Bob Trevino Likes It,http://www.wikidata.org/entity/Q124844804,Barbie Ferreira,star,John Leguizamo,It stars Barbie Ferreira and John Leguizamo with supporting roles provided by French Stewart and Rachel Bay Jones.,root_verb_fallback
Q128325683,Bogancloch,http://www.wikidata.org/entity/Q128325683,2011,concern,Jake Williams,"A follow-up to the director's 2011 documentary Two Years at Sea, the film once again concerns the daily life of Jake Williams, a modern day hermit in rural Scotland.",root_verb_fallback
Q130563833,Bogieville,http://www.wikidata.org/entity/Q130563833,Arifin Putra,star,Lovell Anderson,"It stars Arifin Putra, Eloise Lovell Anderson, Sean Cronin and Daniel P. Lewis.",root_verb_fallback
Q130288346,Bohurupi,http://www.wikidata.org/entity/Q130288346,between 1998 and 2005,star,Abir Chatterjee,"Based upon a chain of real life events in the timeline between 1998 and 2005, the film stars Mukherjee himself in the titular role, alongside Abir Chatterjee, Ritabhari Chakraborty and Koushani Mukherjee in the lead roles.",root_verb_fallback
Q130288346,Bohurupi,http://www.wikidata.org/entity/Q130288346,Sumanta Ghoshal,follow,Chatterjee,"It follows a cat and mouse chase between a police officer, Sumanta Ghoshal (Chatterjee), and Bikram Pramanik (Shiboprasad), an ex-accountant-turned-bank dacoit.",root_verb_fallback
Q125663968,Boksi Ko Ghar,http://www.wikidata.org/entity/Q125663968,Bharati,base,Nepali,"It is based on a play written by Bharati himself, that focuses on issue of violence against women based on superstitious systems of witchcraft prevailed in Nepali society.",root_verb_fallback
Q125663968,Boksi Ko Ghar,http://www.wikidata.org/entity/Q125663968,Badri Adhikari,produce,Keki Adhikari Films,The film is produced by Badri Adhikari under the banner of Keki Adhikari Films.,root_verb_fallback
Q125663968,Boksi Ko Ghar,http://www.wikidata.org/entity/Q125663968,Keki Adhikari,feature,Shupala Sapkota,"The film features Keki Adhikari in the lead role with Shupala Sapkota, Swechchha Raut in supporting roles.",root_verb_fallback
Q121422709,Boléro (2024 film),http://www.wikidata.org/entity/Q121422709,Marcel Marnat's,adapt,1986,It is loosely adapted from Marcel Marnat's 1986 monograph Maurice Ravel.,root_verb_fallback
Q135443289,Bone Lake (film),http://www.wikidata.org/entity/Q135443289,Maddie Hasson,play,Marco Pigossi,"Maddie Hasson and Marco Pigossi play a couple whose getaway at a remote lakeside house is interrupted by another mysterious couple, played by Alex Roe and Andra Nechita, leading to a disturbing series of mind games and manipulation.",root_verb_fallback
Q125910979,The Birth of Korea,http://www.wikidata.org/entity/Q125910979,South Korea's,accuse,Democratic Party,South Korea's opposition Democratic Party accused the film of ignoring the dictatorship and corruption that characterized Syngman Rhee's reign.,root_verb_fallback
Q125910979,The Birth of Korea,http://www.wikidata.org/entity/Q125910979,NK News,accuse,Syngman Rhee,The analysis by NK News accused the content of the film of distorting historical facts and aiming to glorify Syngman Rhee and recast him as a national hero.,root_verb_fallback
Q128645422,The Birthday Boy,http://www.wikidata.org/entity/Q128645422,Ravi Krishna,have,Sameer Malla,"The film has an ensemble cast of Ravi Krishna, Sameer Malla,Vikranth Ved, Raja Ashok Vallamsetty, Sai Arun, Rahul Chilampalli and Mani Vaaka.",root_verb_fallback
Q124249583,The Black Sea (film),http://www.wikidata.org/entity/Q124249583,Derrick B. Harden,star,Irmena Chichikova,"It stars Derrick B. Harden, Irmena Chichikova, Samuel Finzi and Stoyo Mirkov.",root_verb_fallback
Q125897101,The Blood Brothers (2024 film),http://www.wikidata.org/entity/Q125897101,Ronald Adamat,star,Victor Neri,"Based on the book of the same name by Ronald Adamat, it stars Victor Neri, Allan Paule, Cesar Montano and Dr. Ronald Adamat.",root_verb_fallback
Q125897101,The Blood Brothers (2024 film),http://www.wikidata.org/entity/Q125897101,Innovative Digital Entertainment Arts and Empowerment Film Production,produce,"May 8, 2024","It was produced by Innovative Digital Entertainment Arts and Empowerment Film Production and released on May 8, 2024.",root_verb_fallback
Q126165460,The Blue Angels (film),http://www.wikidata.org/entity/Q126165460,Paul Crowder,direct,Memorial Day weekend,"It was directed by Paul Crowder and released ahead of Memorial Day weekend by Amazon MGM Studios; on May 17, 2024, in IMAX theaters and on May 23, 2024, on Amazon Prime Video.",root_verb_fallback
Q117376325,Bonhoeffer (film),http://www.wikidata.org/entity/Q117376325,Jonas Dassler,star,David Jonsson,"It stars Jonas Dassler, August Diehl, David Jonsson, Flula Borg, Moritz Bleibtreu, and Clarke Peters.",root_verb_fallback
Q118434235,Bonjour Tristesse (2024 film),http://www.wikidata.org/entity/Q118434235,Lily McInerny,star,Claes Bang,"It stars Lily McInerny, Claes Bang, Nailia Harzoune, Aliocha Schneider, and Chloë Sevigny.",root_verb_fallback
Q126393069,Bookworm (film),http://www.wikidata.org/entity/Q126393069,Elijah Wood,star,Nell Fisher,It stars Elijah Wood and Nell Fisher.,root_verb_fallback
Q124745242,Boomerang (2024 Indian film),http://www.wikidata.org/entity/Q124745242,Jeet,star,Gopal Madnani,"Produced by Jeet, Gopal Madnani and Amit Jumrani under the banner of Jeetz Filmworks and Grassroot Entertainment, it stars Jeet himself and Rukmini Maitra in the lead, both portraying dual roles alongside an ensemble cast of Sourav Das, Rajatava Dutta, Kharaj Mukherjee, Ambarish Bhattacharya, Shyamal Chakraborty, Jhulan Bhattacharya, Ayesha Bhattacharya and Debchandrima Singha Roy, with Biswanath Basu in a special appearance.",root_verb_fallback
Q130319751,Boong,http://www.wikidata.org/entity/Q130319751,Gugun Kipgen,star,"Bala Hijam, Angom Sanamatum","It stars Gugun Kipgen, Bala Hijam, Angom Sanamatum, Vikram Kochhar, Nemetia Ngangbam, Jenny Khurai and Hamom Sadananda.",root_verb_fallback
Q124323602,Bootcut Balaraju,http://www.wikidata.org/entity/Q124323602,Md. Pasha,produce,Katha Verunthadi Productions,The film was produced by Md. Pasha under the banner of Katha Verunthadi Productions and Global films.,root_verb_fallback
Q124323602,Bootcut Balaraju,http://www.wikidata.org/entity/Q124323602,Syed Sohel,debut,Meghalekha,"The film stars Syed Sohel as the titular character alongside Meghalekha, Sunil, Indraja in lead roles, Syed Sohel also debut in as a producer with film.",root_verb_fallback
Q106329715,Borderlands (film),http://www.wikidata.org/entity/Q106329715,Kevin Hart,feature,Jack Black,"The ensemble cast also features Kevin Hart, Jack Black, Edgar Ramirez, Ariana Greenblatt, Florian Munteanu, Gina Gershon, and Jamie Lee Curtis.",root_verb_fallback
Q128497026,Borderless Fog,http://www.wikidata.org/entity/Q128497026,Putri Marino,star,Indonesia,"The film stars Putri Marino as a detective who investigates a series of murders along the Indonesia–Malaysia border, alongside Yoga Pratama and Lukman Sardi.",root_verb_fallback
Q128497026,Borderless Fog,http://www.wikidata.org/entity/Q128497026,Netflix,release,1 August 2024,It was released by Netflix on 1 August 2024.,root_verb_fallback
Q124260478,Bosco (film),http://www.wikidata.org/entity/Q124260478,Aubrey Joseph,star,Nikki Blonsky,"It stars Aubrey Joseph, Nikki Blonsky, D.C.",root_verb_fallback
Q131724943,Bottle George,http://www.wikidata.org/entity/Q131724943,Oscar,explore,Daisuke Tsutsumi,"The 14-minute film explores the relationship between a young resilient girl and her alcoholic father, and was directed by Oscar-nominated director Daisuke Tsutsumi and co-written by Japanese comedian Akihiro Nishino and Japanese producer Noriko Matsumoto.",root_verb_fallback
Q131724943,Bottle George,http://www.wikidata.org/entity/Q131724943,April 2024,receive,the Special Animation Award,"After its premiere at the San Francisco International Film Festival in April 2024, the film has received several nominations and awards, including the Special Animation Award at the Sapporo International Short Film Festival and the Jury Award for Best Animated Short at the Newport Beach Film Festival.",root_verb_fallback
Q131724943,Bottle George,http://www.wikidata.org/entity/Q131724943,"December 17, 2024",shortlist,the 97th Academy Awards,"On December 17, 2024, The 21 was shortlisted for the 97th Academy Awards in the category of Best Animated Short Film.",root_verb_fallback
Q136599700,Bouchra,http://www.wikidata.org/entity/Q136599700,Bennani,voice,Brooklyn,"Bennani voices the titular character—a queer Moroccan canid in Brooklyn, New York City—in a semi-autobiographical account which chronicles her personal and sexual exploration amid a series of telephone calls with her Casablanca mother.",root_verb_fallback
Q126478657,Bougainvillea (film),http://www.wikidata.org/entity/Q126478657,Amal Neerad Productions,produce,Udaya Pictures,It is jointly produced by Amal Neerad Productions and Udaya Pictures.,root_verb_fallback
Q126478657,Bougainvillea (film),http://www.wikidata.org/entity/Q126478657,Lajo Jose's,inspire,Ruthinte Lokam,It was inspired by Lajo Jose's novel Ruthinte Lokam (2019) and marks Jyothirmayi's comeback to cinema after an 11-year hiatus.,root_verb_fallback
Q128153011,Bound in Heaven,http://www.wikidata.org/entity/Q128153011,2024,bind,Huo Xin,"Bound in Heaven is a 2024 Chinese romantic crime drama film written and directed by Huo Xin in her directorial debut, starring Ni Ni, Zhou You and Liao Fan.",root_verb_fallback
Q128153011,Bound in Heaven,http://www.wikidata.org/entity/Q128153011,2003,adapt,Li Xiuwen,It was adapted from 2003 novel of the same name by Li Xiuwen.,root_verb_fallback
Q128153011,Bound in Heaven,http://www.wikidata.org/entity/Q128153011,"September 25, 2024",select,FIPRESCI Award and Jury Prize,"It was also selected to compete for the Golden Shell at the 72nd San Sebastián International Film Festival on September 25, 2024, where it won FIPRESCI Award and Jury Prize for Best Cinematography.",root_verb_fallback
Q131173853,Boxcutter (film),http://www.wikidata.org/entity/Q131173853,Ashton James,star,Rome,"The film stars Ashton James as Rome, an aspiring rapper in Toronto who must try to find and recover his laptop, containing all of his song demo files, when it is stolen shortly before an important meeting with a music producer.",root_verb_fallback
Q135230931,Boys Go to Jupiter,http://www.wikidata.org/entity/Q135230931,Jack Corbett,star,Janeane Garofalo,"It stars the voices of Jack Corbett, Janeane Garofalo, Tavi Gevinson, Elsie Fisher, Grace Kuhlenschmidt, Julio Torres, Joe Pera, Miya Folick, Sarah Sherman, Cole Escola, Max Wittert, Chris Fleming, Eva Victor, River L. Ramirez and Demi Adejuyigbe.",root_verb_fallback
Q129206594,Brahmmavaram PS Paridhilo,http://www.wikidata.org/entity/Q129206594,Sravanthi Bellamkonda,feature,Guru,"the film features Sravanthi Bellamkonda, Guru, Surya Sreenivas, Harshini, Jeeva, and Roopa Lakshmi in important roles alongside other ensemble cast.",root_verb_fallback
Q121842080,Bramayugam,http://www.wikidata.org/entity/Q121842080,Mammootty,star,Arjun Ashokan,"The film stars Mammootty, Arjun Ashokan and Sidharth Bharathan.",root_verb_fallback
Q128559322,Breaking and Re-entering,http://www.wikidata.org/entity/Q128559322,Taiwan,release,"February 8, 2024","The film was released in Taiwan on February 8, 2024.",root_verb_fallback
Q126478689,Breaking the Cycle,http://www.wikidata.org/entity/Q126478689,the Future Forward Party,chronicle,Thanathorn Juangroongruangkit,The film chronicles the establishment of the Future Forward Party by Thanathorn Juangroongruangkit and the party's subsequent dissolution.,root_verb_fallback
Q132890022,Breakup Season,http://www.wikidata.org/entity/Q132890022,Chandler Riggs,star,Samantha Isler,"The film stars Chandler Riggs, Samantha Isler, and James Urbaniak, and follows a young couple whose relationship unravels during a Christmas visit to a rural Oregon hometown.",root_verb_fallback
Q132890022,Breakup Season,http://www.wikidata.org/entity/Q132890022,La Grande,film,Oregon,"It was filmed on location in La Grande, Oregon.",root_verb_fallback
Q130053423,Brewster's Millions: Christmas,http://www.wikidata.org/entity/Q130053423,China,star,Anne McClain,It stars China Anne McClain and Romeo Miller.,root_verb_fallback
Q130053423,Brewster's Millions: Christmas,http://www.wikidata.org/entity/Q130053423,Montgomery Brewster,portray,Richard Pryor's,"The character of Montgomery Brewster is portrayed by Richard Pryor's son, Richard Pryor Jr. as Montgomery Brewster Jr., son of the Montgomery Brewster which Richard Pryor played in the first movie.",root_verb_fallback
Q124015010,Brief History of a Family,http://www.wikidata.org/entity/Q124015010,Zu Feng,depict,Guo Keyu,"The film, starring Zu Feng, Guo Keyu, Sun Xilun, and Lin Muran depicts a middle-class Chinese family in the post-one-child-policy era, who takes in their only son's mysterious new friend, triggering buried family tensions as secrets and feelings surface.",root_verb_fallback
Q108266237,Brothers (2024 film),http://www.wikidata.org/entity/Q108266237,Josh Brolin,star,Peter Dinklage,"The film stars Josh Brolin, Peter Dinklage, Taylour Paige, M. Emmet Walsh, Marisa Tomei, Jennifer Landon, Brendan Fraser, and Glenn Close.",root_verb_fallback
Q128600711,Buddy (2024 film),http://www.wikidata.org/entity/Q128600711,Allu Sirish,star,Gayatri Bhardwaj,"The film stars Allu Sirish, Gayatri Bhardwaj, Prisha Rajesh Singh, and Ajmal Ameer in prominent roles.",root_verb_fallback
Q128600711,Buddy (2024 film),http://www.wikidata.org/entity/Q128600711,Hiphop Tamizha,compose,Krishnan Vasant,"The soundtrack and background score were composed by Hiphop Tamizha, while the cinematography and editing were handled by Krishnan Vasant and Ruben.",root_verb_fallback
Q131289313,Buffalo Travels,http://www.wikidata.org/entity/Q131289313,Bandu Samarasinghe,star,Mahendra Perera,"It stars Bandu Samarasinghe in the lead role, where Mahendra Perera, Veena Jayakody, Damith Fonseka and Dilukshi Weerapperuma made supportive roles.",root_verb_fallback
Q131289313,Buffalo Travels,http://www.wikidata.org/entity/Q131289313,George Glendorf,play,Sri Lankan,"George Glendorf, who is a Dutch actor played a main role for the first time in Sri Lankan cinema.",root_verb_fallback
Q126723210,Builder Boys,http://www.wikidata.org/entity/Q126723210,Raunaq Kamdar Shivam Parekh,star,Esha Kansara,"It stars Raunaq Kamdar Shivam Parekh, Esha Kansara, and others.",root_verb_fallback
Q126723210,Builder Boys,http://www.wikidata.org/entity/Q126723210,Neha Rajora,produce,Setu Kushal Patel,"The film is produced by Neha Rajora, and Setu Kushal Patel.",root_verb_fallback
Q126189094,Bujji at Anupatti,http://www.wikidata.org/entity/Q126189094,Karthik Vijay,star,Lavanya Kanmani,The film stars Karthik Vijay and Lavanya Kanmani in the lead roles.,root_verb_fallback
Q126189094,Bujji at Anupatti,http://www.wikidata.org/entity/Q126189094,Raam Kandasamy,produce,Kavilayaa Creations,"The film was produced by Raam Kandasamy under the banner of Kavilayaa Creations, and had a theatrical release on 31 May 2024.",root_verb_fallback
Q126466706,The Brink of Dreams,http://www.wikidata.org/entity/Q126466706,"May 17, 2024",have,Egypt,"It had its world premiere at the 2024 Cannes Film Festival on May 17, 2024, and is scheduled to be released in Egypt in 2024.",root_verb_fallback
Q101112656,The Brutalist,http://www.wikidata.org/entity/Q101112656,Adrien Brody,star,the United States,"It stars Adrien Brody as a Jewish-Hungarian architect and severely traumatized Holocaust survivor who emigrates to the United States, where he struggles to recover and get his life back on track.",root_verb_fallback
Q101112656,The Brutalist,http://www.wikidata.org/entity/Q101112656,Felicity Jones,feature,Guy Pearce,"The cast also features Felicity Jones, Guy Pearce, Joe Alwyn, Raffey Cassidy, Stacy Martin, Emma Laird, Isaach de Bankolé, and Alessandro Nivola.",root_verb_fallback
Q101112656,The Brutalist,http://www.wikidata.org/entity/Q101112656,VistaVision,shoot,the 1950s,"The film was shot using the VistaVision format which had been originally developed in the 1950s, and was the first film shot in the format since One-Eyed Jacks in 1961.",root_verb_fallback
Q132322748,The Buildout,http://www.wikidata.org/entity/Q132322748,Jenna Kanell,star,Hannah Alline,"It stars Jenna Kanell, Hannah Alline, and Natasha Halevi.",root_verb_fallback
Q133849169,Bull Run (film),http://www.wikidata.org/entity/Q133849169,Bill Keenan's,star,2020,"Based on Bill Keenan's 2020 bestselling memoir, Discussion Materials, the film stars Tom Blyth as Bobby Sanders, a former ice-hockey player working on Wall Street.",root_verb_fallback
Q133849169,Bull Run (film),http://www.wikidata.org/entity/Q133849169,Chris Diamantopoulos,star,Jay Mohr,It also stars Chris Diamantopoulos and Jay Mohr.,root_verb_fallback
Q133449008,Bunnyhood,http://www.wikidata.org/entity/Q133449008,Ashionye Ogene,produce,the National Film and Television School,"Described as a surreal exploration of a young girl's anxiety, it was produced by Ashionye Ogene at the National Film and Television School.",root_verb_fallback
Q133449008,Bunnyhood,http://www.wikidata.org/entity/Q133449008,the Student Film Competition,nominate,the Academy Award-,It was also nominated for the Student Film Competition at the Academy Award-qualifying Animafest Zagreb.,root_verb_fallback
Q133449008,Bunnyhood,http://www.wikidata.org/entity/Q133449008,the Edinburgh International Film Festival,select,2024,"Bunnyhood was further selected for several international film festivals, including the Edinburgh International Film Festival in 2024 as part of its official selection, DOK Leipzig in 2024, and the Ottawa International Animation Festival in 2024.",root_verb_fallback
Q133449008,Bunnyhood,http://www.wikidata.org/entity/Q133449008,the Mumbai Film Festival,feature,2024,"It was also featured at the Mumbai Film Festival (MAMI) in 2024, followed by screenings in 2025 at the Sundance Film Festival, the Clermont-Ferrand International Short Film Festival in the Lab Competition, and the Angers European First Film Festival.",root_verb_fallback
Q133449008,Bunnyhood,http://www.wikidata.org/entity/Q133449008,Best Student Film,win,the Manchester Animation Festival,"Additionally, the film won Best Student Film at the Manchester Animation Festival in 2024.",root_verb_fallback
Q131196655,Buy Now! The Shopping Conspiracy,http://www.wikidata.org/entity/Q131196655,Netflix,release,20 November 2024,It was released on Netflix on 20 November 2024.,root_verb_fallback
Q127328600,By the Stream,http://www.wikidata.org/entity/Q127328600,Kim Min-hee,win,Pardo for Best Performance Award,"In August 2024, the film was selected to compete for the Golden Leopard at the 77th Locarno Film Festival, where Kim Min-hee won Pardo for Best Performance Award.",dependency
Q129262923,C.D: Criminal or Devil,http://www.wikidata.org/entity/Q129262923,Adah Sharma,star,Duddumpudi,"It stars Adah Sharma, Viswant Duddumpudi, Mahesh Vitta, and Bharani Shankar as lead actors.",root_verb_fallback
Q131301167,C4 Cinta,http://www.wikidata.org/entity/Q131301167,C4 Cinta,abbreviate,2024,C4 Cinta also abbreviated as #C4C is a 2024 Malaysian Tamil-language romantic comedy film written and directed by Karthik Shaamalan.,root_verb_fallback
Q123022311,Cabrini (film),http://www.wikidata.org/entity/Q123022311,Francesca Cabrini,depict,Cristiana,"The film depicts the life of Catholic missionary Francesca Cabrini, portrayed by Cristiana Dell'Anna, as she encounters resistance to her charity and business efforts in New York City.",root_verb_fallback
Q109535859,Caddo Lake (film),http://www.wikidata.org/entity/Q109535859,Dylan O'Brien,star,Eliza Scanlen,"It stars Dylan O'Brien, Eliza Scanlen, Diana Hopper, Caroline Falk, Sam Hennings, Eric Lange, and Lauren Ambrose.",root_verb_fallback
Q131928465,Cadet (film),http://www.wikidata.org/entity/Q131928465,Alina,follow,Serik,"The film follows Alina and her son Serik, as she begins teaching history at a prestigious military academy, where his son also enrolls as a cadet.",root_verb_fallback
Q117848301,Canary Black,http://www.wikidata.org/entity/Q117848301,Kate Beckinsale,star,CIA,The film stars Kate Beckinsale as a CIA agent who is blackmailed into undertaking missions in exchange for her kidnapped husband's life.,root_verb_fallback
Q117848301,Canary Black,http://www.wikidata.org/entity/Q117848301,"October 24, 2024",release,Amazon MGM Studios,"It was released on October 24, 2024 by Amazon MGM Studios to generally negative reviews.",root_verb_fallback
Q125053496,Canta y no llores (2024 film),http://www.wikidata.org/entity/Q125053496,Consuelo Duval,star,Michelle Rodríguez,"It stars Consuelo Duval, Michelle Rodríguez, and Patricia Maqueo.",root_verb_fallback
Q118383015,Captain Miller (film),http://www.wikidata.org/entity/Q118383015,the 1930s,follow,British Indian Army,"Set in the 1930s, during the British Raj, it follows a British Indian Army veteran trying to save his home village from destruction by the British authorities.",root_verb_fallback
Q124414989,Carnaval (2024 film),http://www.wikidata.org/entity/Q124414989,Cajamarca,review,the present day,"It reviews the history of the Cajamarca festival from its origins to the present day and whose gastronomy, music and characters unite an entire town.",root_verb_fallback
Q124414989,Carnaval (2024 film),http://www.wikidata.org/entity/Q124414989,"February 1, 2024",premier,Cajamarca,"It premiered on February 1, 2024, in Cajamarca theaters.",root_verb_fallback
Q128598480,Carnival Is Over,http://www.wikidata.org/entity/Q128598480,the Toronto International Film Festival,select,"September 6, 2024","The film was selected to premiere as a Special Presentation at the Toronto International Film Festival on September 6, 2024.",root_verb_fallback
Q138024667,Carole & Grey,http://www.wikidata.org/entity/Q138024667,Jon Bass,star,Mary Wiseman,"Written by and starring Jon Bass, it also starred Mary Wiseman, Steve Buscemi, Rosaline Elbay, Dario Ladani Sanchez, and Daniel Radcliffe.",root_verb_fallback
Q115917655,Carry-On,http://www.wikidata.org/entity/Q115917655,Taron Egerton,star,Sofia Carson,"The film stars Taron Egerton, Sofia Carson, Danielle Deadwyler, and Jason Bateman.",root_verb_fallback
Q115917655,Carry-On,http://www.wikidata.org/entity/Q115917655,TSA,follow,Christmas Eve,"Its plot follows a young TSA officer who is blackmailed into allowing a nerve agent on board a flight, which will kill 250 people, during Christmas Eve.",root_verb_fallback
Q131549808,Carved (2024 film),http://www.wikidata.org/entity/Q131549808,Justin Harding,carve,Peyton Elizabeth Lee,"Carved is a 2024 American horror comedy film directed and written by Justin Harding and starring an ensemble cast including Peyton Elizabeth Lee, Corey Fogelmanis, Carla Jimenez, Elvis Nolasco, Jonah Lees, Wyatt Lindner, Sasha Mason, Marc-Sully Saint-Fleur, Jackson Kelly, Matty Cardarople, Ted Ferguson, DJ Qualls and Chris Elliott.",root_verb_fallback
Q131549808,Carved (2024 film),http://www.wikidata.org/entity/Q131549808,2018,follow,Halloween,"Based on the 2018 short film of the same name, the film follows a group of teenagers on Halloween who become trapped in a historical reenactment village and are stalked by a killer pumpkin.",root_verb_fallback
Q130259789,"Carville: Winning Is Everything, Stupid!",http://www.wikidata.org/entity/Q130259789,New York,release,"October 11, 2024","It was released in New York on October 11, 2024, and in Los Angeles on October 25, 2024.",root_verb_fallback
Q124467041,Case of Kondana,http://www.wikidata.org/entity/Q124467041,Raghavendra,mark,Seetharam Benoy Case,It marked the second collaboration between Raghavendra and Shetty after Seetharam Benoy Case No. 18 (2021).,root_verb_fallback
Q124990060,Cat's Cry (film),http://www.wikidata.org/entity/Q124990060,Serbia,star,Canada,"A coproduction of companies from Serbia, Canada and Croatia, the film stars Jasmin Geljo as Stamen, a man living in a small town in Serbia who must fight for custody of his granddaughter when she is rejected by her mother after being diagnosed with cri du chat syndrome.",root_verb_fallback
Q125968859,Catching Fire: The Story of Anita Pallenberg,http://www.wikidata.org/entity/Q125968859,Pallenberg,read,2017,The film is based on Pallenberg's unpublished autobiography Black Magic that her children found after her death in 2017; passages from the document are read out in the film by Scarlett Johansson.,root_verb_fallback
Q125422899,Caught by the Tides,http://www.wikidata.org/entity/Q125422899,Tides,catch,2024,"Caught by the Tides is a 2024 Chinese drama film directed by Jia Zhangke, and written by Wan Jianhuan and Jia Zhangke, based on footage across 22 years, some from Jia's previous films, in an impressionistic non-linear blend of fiction and non-fiction.",root_verb_fallback
Q124540259,Chabuca,http://www.wikidata.org/entity/Q124540259,Sergio Armasgo,star,Haydeé Cáceres,"It stars Sergio Armasgo accompanied by Haydeé Cáceres, Norka Ramirez, Miguel Dávalos, Izan Alcázar, Gina Yangali, Brando Gallessi, Alejandro Villagomez, Gerson Del Carpio and Erick Elera.",root_verb_fallback
Q130355854,Chain Reactions (film),http://www.wikidata.org/entity/Q130355854,Chain Reactions,premier,August 2024,Chain Reactions premiered at the 81st Venice International Film Festival in August 2024.,root_verb_fallback
Q130355854,Chain Reactions (film),http://www.wikidata.org/entity/Q130355854,"September 19, 2025",give,September 26,"It was given a limited theatrical release on September 19, 2025, which was followed by an expansion on September 26.",root_verb_fallback
Q111458251,Challengers (film),http://www.wikidata.org/entity/Q111458251,Zendaya,follow,13 years,"It follows the love triangle between an injured tennis star-turned-coach (Zendaya), her low-circuit tennis player ex-boyfriend, and her tennis champion husband across 13 years of their relationship, culminating in the match between the two men on the ATP Challenger Tour.",root_verb_fallback
Q124759760,La casa (2024 film),http://www.wikidata.org/entity/Q124759760,David Verdaguer,feature,Luis Callejo,"Its ensemble cast features David Verdaguer, Luis Callejo, Óscar de la Fuente, Olivia Molina, María Romanillos, Lorena López, Marta Belenguer, Jordi Aguilar, Tosca Montoya, and Miguel Rellán.",root_verb_fallback
Q107071525,The Bunker (2024 film),http://www.wikidata.org/entity/Q107071525,Chelsea Edmundson,star,Chad Michael Collins,"It stars Chelsea Edmundson, Chad Michael Collins, Tobin Bell and Tony Todd.",root_verb_fallback
Q124423359,The Casagrandes Movie,http://www.wikidata.org/entity/Q124423359,Miguel Puga,direct,Paulina Chávez,"The film was directed by series co-developer Miguel Puga and stars the show's regular voice cast with the addition of Paulina Chávez, Angélica Aragón, Kate del Castillo, Cristo Fernández, and Sergio Aragonés.",root_verb_fallback
Q124423359,The Casagrandes Movie,http://www.wikidata.org/entity/Q124423359,Ronnie Anne,follow,Mexico,The story follows newly minted Ronnie Anne and her family as they go on a trip to Mexico and face off against an ancient preteen demigoddess.,root_verb_fallback
Q135927392,The Ceremony (2024 film),http://www.wikidata.org/entity/Q135927392,Bradford,film,the Yorkshire Dales,"The film was filmed and set in Bradford and the Yorkshire Dales, and involves migrant workers attempting to dispose of a body in the hills of North Yorkshire.",root_verb_fallback
Q135927392,The Ceremony (2024 film),http://www.wikidata.org/entity/Q135927392,the Sean Connery Award for Feature Filmmaking Excellence,win,2024,The film won the Sean Connery Award for Feature Filmmaking Excellence at the 2024 Edinburgh International Film Festival.,root_verb_fallback
Q130235383,¡Casa Bonita Mi Amor!,http://www.wikidata.org/entity/Q130235383,Parker,spend,Stone,"Parker and Stone spend over $30 million of their own money renovating the decaying restaurant, far over their original $6.5 million budget.",root_verb_fallback
Q125935876,CID Ramachandran Retd. SI,http://www.wikidata.org/entity/Q125935876,Kalabhavan Shajohn,star,Baiju Santhosh,"The film stars Kalabhavan Shajohn, Baiju Santhosh and Sudheer Karamana.",root_verb_fallback
Q128904160,Chalti Rahe Zindagi,http://www.wikidata.org/entity/Q128904160,Aarti S Bagdi,direct,Ajay Kumar Singh,"The film is directed by Aarti S Bagdi and produced by Ajay Kumar Singh, Shakir Khan and Rohandeep Singh.",root_verb_fallback
Q124218653,Chandu Champion,http://www.wikidata.org/entity/Q124218653,Kartik Aaryan,star,India,"The film stars Kartik Aaryan in the titular role as India's first Paralympics gold medalist, Murlikant Petkar.",root_verb_fallback
Q136954074,Chashma (film),http://www.wikidata.org/entity/Q136954074,Nitin Baid,write,Varun Grover,"The story of the film was written by Nitin Baid, with the screenplay and dialogue by Varun Grover, and produced by Gubbara Entertainment.",root_verb_fallback
Q136954074,Chashma (film),http://www.wikidata.org/entity/Q136954074,Konkona Sen Sharma,star,Ayan Khan,"It stars Konkona Sen Sharma, Ayan Khan, Shafeen Patel, Kabir Shah and Shishir Sharma in pivotal roles.",root_verb_fallback
Q136954074,Chashma (film),http://www.wikidata.org/entity/Q136954074,the MAMI Mumbai Film Festival 2024,premier,Focus South Asia,The film premiered at the MAMI Mumbai Film Festival 2024 under the Focus South Asia section.,root_verb_fallback
Q137478304,Chasing Time (film),http://www.wikidata.org/entity/Q137478304,Balog,reunite,Chasing Ice,The short documentary reunites Balog with the Emmy Award-winning team behind Chasing Ice.,root_verb_fallback
Q124360318,Checkmate (2024 film),http://www.wikidata.org/entity/Q124360318,Maggie Civantos,appear,José Eduardo Derbez,"Maggie Civantos, José Eduardo Derbez, Tzachi Halevy, Benjamín Amadeo, and Charo López appear in supporting roles.",root_verb_fallback
Q130550314,Checkpoint Zoo,http://www.wikidata.org/entity/Q130550314,Ukrainian,follow,Feldman Ecopark,The film follows a group of Ukrainian zookeepers and volunteers who risked their lives to rescue animals trapped in Feldman Ecopark during the 2022 Russian invasion of Ukraine.,root_verb_fallback
Q124849742,Cheech & Chong's Last Movie,http://www.wikidata.org/entity/Q124849742,2024,premier,Southwest Film & TV Festival,It premiered at the 2024 South by Southwest Film & TV Festival.,root_verb_fallback
Q124849742,Cheech & Chong's Last Movie,http://www.wikidata.org/entity/Q124849742,"April 20, 2025",give,April 25,"It was given a limited theatrical release on April 20, 2025, and then a nationwide release on April 25.",root_verb_fallback
Q130385353,Cherub (film),http://www.wikidata.org/entity/Q130385353,Benjamin Turnbull,star,Harvey,"Told almost entirely without dialogue except for two brief lines, the film stars Benjamin Turnbull as Harvey, a shy, lonely and overweight man from Toronto who discovers an opportunity to build new confidence in himself and his body when he learns about the chub subculture in the LGBTQ community, and decides, despite being heterosexual, to submit a photograph of himself to a gay chub magazine's ""Cherub of the Month"" contest.",root_verb_fallback
Q130611916,Chhakka Panja 5,http://www.wikidata.org/entity/Q130611916,Keshav Neupane,produce,Dipendra Khaniya,Produced by Keshav Neupane and Dipendra Khaniya under the banner of Aama Saraswoti Movies and IME Present.,root_verb_fallback
Q130611916,Chhakka Panja 5,http://www.wikidata.org/entity/Q130611916,Deepak Raj Giri,star,Kedar Ghimire,"It stars Deepak Raj Giri, Kedar Ghimire, Deepa Shree Niraula, Barsha Siwakoti, Raja Ram Poudel, and Prakash Ghimire.",root_verb_fallback
Q124714622,Chhatrapati Sambhaji (2024 film),http://www.wikidata.org/entity/Q124714622,Rakesh Subesingh Dulgaj,direct,Shashank Udapurkar,"The film is directed by Rakesh Subesingh Dulgaj starring Shashank Udapurkar in the title role, and Pramod Pawar, Rajit Kapur, Mrinal Kulkarni in the other principal roles.",root_verb_fallback
Q122642767,Chhota Bheem and the Curse of Damyaan (2024 film),http://www.wikidata.org/entity/Q122642767,Yagya Bhasin,star,Aashriya Mishra,"The film stars Yagya Bhasin, Aashriya Mishra, Swarna Pandey, Advik Jaiswal, Divyam Dawar, Daivik Dawar, Kabir Sajid, Anupam Kher and Makarand Deshpande.",root_verb_fallback
Q122642767,Chhota Bheem and the Curse of Damyaan (2024 film),http://www.wikidata.org/entity/Q122642767,Raghav Sachar,compose,Junaid Siddiqui,"The soundtrack and background score were composed by Raghav Sachar, while the cinematography and editing were handled by Suryaa and Junaid Siddiqui.",root_verb_fallback
Q124432901,Chiclets (film),http://www.wikidata.org/entity/Q124432901,Muthu M. Shot,star,Tamil,"Chiclets is a 2024 Indian teen drama film written and directed by Muthu M. Shot simultaneously in Tamil and Telugu, the film stars Sathvik Varma, Jack Robinson and Nayan Karishma in the lead roles.",root_verb_fallback
Q124432901,Chiclets (film),http://www.wikidata.org/entity/Q124432901,Srinivasan Guru,produce,SSB Films,The film was produced by S Srinivasan Guru under the banner of SSB Films.,root_verb_fallback
Q131612487,ChiefsAholic: A Wolf in Chiefs Clothing,http://www.wikidata.org/entity/Q131612487,Kansas City Chiefs,follow,Xaviar Babudar's,It follows Kansas City Chiefs superfan Xaviar Babudar's secret life as a serial bank robber.,root_verb_fallback
Q131612487,ChiefsAholic: A Wolf in Chiefs Clothing,http://www.wikidata.org/entity/Q131612487,Babudar,explore,Michael Lloyd,"It explores his arrest through his own interviews and subsequent legal journey, as well as interviews of other Chiefs fans, a bank teller who was the victim of his final robbery, and Babudar's bail bondsman Michael Lloyd.",root_verb_fallback
Q131612487,ChiefsAholic: A Wolf in Chiefs Clothing,http://www.wikidata.org/entity/Q131612487,"December 24, 2024",release,Amazon,"The film was released on December 24, 2024 on Amazon Prime.",root_verb_fallback
Q130319746,Child Star (film),http://www.wikidata.org/entity/Q130319746,Lovato,star,Drew Barrymore,"It stars actresses Lovato, Drew Barrymore, JoJo Siwa, Raven-Symoné, Christina Ricci, Kenan Thompson, and Alyson Stoner.",root_verb_fallback
Q130319746,Child Star (film),http://www.wikidata.org/entity/Q130319746,2025,nominate,Music Awards,The film was nominated for Favorite On Screen at the 2025 iHeartRadio Music Awards.,root_verb_fallback
Q130479161,Chitti Potti,http://www.wikidata.org/entity/Q130479161,Pavithra,include,Ram Mittakanti,"The cast includes Pavithra, Ram Mittakanti, Kashvi, Kanthamma, Achari, Harsha, Satish, and Sarala.",root_verb_fallback
Q123345219,Chosen Family (film),http://www.wikidata.org/entity/Q123345219,Graham,star,John Brotherton,"It stars Graham, John Brotherton, Andrea Savage, Michael Gross, Julie Halston, Thomas Lennon and Julia Stiles.",root_verb_fallback
Q128454029,Chote Nawab,http://www.wikidata.org/entity/Q128454029,Yoodlee,star,Akshay Oberoi,"Produced by Yoodlee films, it stars Akshay Oberoi, Plabita Borthakur and Svar Kamble.",root_verb_fallback
Q127046020,Christmas Carole,http://www.wikidata.org/entity/Q127046020,Julie Ponsonnet,write,2022,Gottesdiener co-wrote the script with Julie Ponsonnet based on the 2022 PAGE Award Bronze winning English-language screenplay Nutcrackers by American author Chrissy Lessey.,root_verb_fallback
Q127046020,Christmas Carole,http://www.wikidata.org/entity/Q127046020,Noémie Lvovsky,star,Didier Bourdon,The film stars Noémie Lvovsky and Didier Bourdon in the lead roles.,root_verb_fallback
Q127046020,Christmas Carole,http://www.wikidata.org/entity/Q127046020,14 November 2024,schedule,Germany,"After screening at various film festivals, it is scheduled for wide theatrical release on 14 November 2024 in Germany and on 18 December 2024 in France, Belgium and French-speaking Switzerland.",root_verb_fallback
Q125504091,Christmas Eve in Miller's Point,http://www.wikidata.org/entity/Q125504091,Matilda Fleming,star,Maria Dizzia,"It stars Matilda Fleming, Maria Dizzia, Ben Shenkman, Francesca Scorsese, Elsie Fisher, Lev Cameron, Sawyer Spielberg, Gregg Turkington, and Michael Cera, who is also a producer on the film.",root_verb_fallback
Q131752943,Christmas in Lagos,http://www.wikidata.org/entity/Q131752943,Greoh Studios,explore,Lagos,"Produced by Greoh Studios, the film explores the vibrant culture of Lagos, Nigeria, during the Christmas season.",root_verb_fallback
Q131752943,Christmas in Lagos,http://www.wikidata.org/entity/Q131752943,Richard Mofe-Damijo,include,Teniola Aladese,"cast members include Richard Mofe-Damijo, Teniola Aladese, Shaffy Bello, Ladipoe, Shalom C. Obiago, Rayxia Ojo, Ebele Okaro-Onyiuke, and Ejike Asiegbu.",root_verb_fallback
Q131566291,Chuzalongo,http://www.wikidata.org/entity/Q131566291,Bruno Odar,star,Wolframio Sinué,"It stars Bruno Odar, Wolframio Sinué and Aléx Cisneros accompanied by Fernando Bacilio, Mónica Mancero, Toa Tituaña, Yuyak Guitarra, Lenin Farinango and Sisa Farez.",root_verb_fallback
Q127603898,Cicada (2024 film),http://www.wikidata.org/entity/Q127603898,Meghana Raj Sarja,announce,Prajwal Devaraj,Meghana Raj Sarja and Prajwal Devaraj announced the movie in Kannada.,root_verb_fallback
Q127603898,Cicada (2024 film),http://www.wikidata.org/entity/Q127603898,Rajith Menon,star,Gayathri Mayura,"The film stars Rajith Menon, Gayathri Mayura, and Jaise Jose.",root_verb_fallback
Q124350264,Cidade; Campo,http://www.wikidata.org/entity/Q124350264,Fernanda Vianna,tell,Mirella Façanha,"Starring Fernanda Vianna, Mirella Façanha and Bruna Linzmeyer, the film tells two tales of migration between the city and the countryside.",root_verb_fallback
Q124350264,Cidade; Campo,http://www.wikidata.org/entity/Q124350264,Joana,move,São Paulo,"In first tale: Joana moves to São Paulo and tries to restart her life, after a disaster floods her land.",root_verb_fallback
Q115778970,Citizen of a Kind,http://www.wikidata.org/entity/Q115778970,Kim Seong-ja,base,Hwaseong,"It is based on the true story of Kim Seong-ja, a laundromat owner in Hwaseong, Gyeonggi, who caught the head of a voice phishing organization in 2016.",root_verb_fallback
Q115727176,City Hunter (2024 film),http://www.wikidata.org/entity/Q115727176,Yūichi Satō,direct,Tatsuro Mashima,"The film was directed by Yūichi Satō from a screenplay by Tatsuro Mashima and produced by Horipro, the film was released on Netflix on April 25, 2024.",root_verb_fallback
Q111538862,Civil War (film),http://www.wikidata.org/entity/Q111538862,the United States,follow,New York City,"Set during a civil war fought across the United States between a despotic federal government and secessionist movements, the plot follows a group of war journalists traveling from New York City to Washington, D.C., to interview the President of the United States before rebels take the capital city.",root_verb_fallback
Q111538862,Civil War (film),http://www.wikidata.org/entity/Q111538862,Atlanta,begin,Georgia,"Principal photography began in Atlanta, Georgia, in 2022, with production moving to London later in the year.",root_verb_fallback
Q133306326,Close to Me (film),http://www.wikidata.org/entity/Q133306326,Italy,release,24 October 2024,"It was theatrically released in Italy on 24 October 2024, by Medusa Distribuzione.",root_verb_fallback
Q30126698,CobraGator,http://www.wikidata.org/entity/Q30126698,Syfy,speculate,Mansquito,"According to The Guardian ""We can only speculate as to why this was, although perhaps it failed to live up to the high quality of other Syfy work such as 5-Headed Shark Attack or Mansquito.""",root_verb_fallback
Q30126698,CobraGator,http://www.wikidata.org/entity/Q30126698,Super Monster Monster Fest,release,August 2024,The movie was eventually released at Super Monster Monster Fest in August 2024.,root_verb_fallback
Q130558713,The Chef and the Daruma,http://www.wikidata.org/entity/Q130558713,Hidekazu Tojo,blend,Canada,"The film is a portrait of Hidekazu Tojo, a Japanese immigrant to Canada who became a prominent chef on the Vancouver restaurant scene and has been credited by some sources as the inventor of California roll, It blends both contemporary documentary footage and dramatic reenactments of scenes from Tojo's early life, with young Tojo performed by actor Gabriel Prevost-Takahashi.",root_verb_fallback
Q124485988,The Children's Train,http://www.wikidata.org/entity/Q124485988,20 October 2024,premier,Netflix,It premiered at the 19th Rome Film Festival on 20 October 2024 and was released on Netflix on 4 December 2024.,root_verb_fallback
Q123144592,The Clean Up Crew,http://www.wikidata.org/entity/Q123144592,Jonathan Rhys Meyers,star,Swen Temmel,"It stars Jonathan Rhys Meyers, Swen Temmel, Ekaterina Baker, Melissa Leo, and Antonio Banderas.",root_verb_fallback
Q118175825,A Complete Unknown,http://www.wikidata.org/entity/Q118175825,Dylan,portray,Timothée Chalamet,"Dylan is portrayed by Timothée Chalamet, who also produced the film.",root_verb_fallback
Q118175825,A Complete Unknown,http://www.wikidata.org/entity/Q118175825,Edward Norton,appear,Elle Fanning,"Edward Norton, Elle Fanning, Monica Barbaro, Boyd Holbrook, Dan Fogler, Norbert Leo Butz, Eriko Hatsune, Big Bill Morganfield, Will Harrison, and Scoot McNairy appear in supporting roles.",root_verb_fallback
Q128736684,CTRL (film),http://www.wikidata.org/entity/Q128736684,Nikhil Dwivedi,star,Arya Menon,"Produced by Nikhil Dwivedi and Arya Menon under the banners of Saffron Magicworks and Andolan Films, the film stars Ananya Panday and Vihaan Samat.",root_verb_fallback
Q128736684,CTRL (film),http://www.wikidata.org/entity/Q128736684,Netflix,premier,4 October 2024,It premiered on Netflix on 4 October 2024.,root_verb_fallback
Q109510969,Code 8: Part II,http://www.wikidata.org/entity/Q109510969,Robbie Amell,star,Stephen Amell,"Robbie Amell and Stephen Amell reprise their roles from the original film as Connor Reed and Garrett Kelton, respectively; Sirena Gulamgaus, Altair Vincent, Alex Mallari Jr., Moe Jeudy-Lamour, Aaron Abrams, and Jean Yoon also star, with Abrams and Mallari reprising their roles from the original film.",root_verb_fallback
Q123908713,Code Geass: Rozé of the Recapture,http://www.wikidata.org/entity/Q123908713,Recapture,base,Yoshimitsu Ōhashi,"Rozé of the Recapture is a 2024 Japanese four-part animated science fantasy action film series directed by Yoshimitsu Ōhashi and written by Noboru Kimura from co-original story conceived by Gorō Taniguchi and Ichirō Ōkouchi; the four-part film series is based on the Code Geass franchise by Sunrise, who also produced the films.",root_verb_fallback
Q123908713,Code Geass: Rozé of the Recapture,http://www.wikidata.org/entity/Q123908713,Recapture,distribute,2019,"Distributed by Showgate, Rozé of the Recapture is a sequel to Code Geass Lelouch of the Re;surrection (2019), which itself takes place in an alternate continuity established in the three-part compilation film: Initiation, Transgression and Glorification (2017–18).",root_verb_fallback
Q123908713,Code Geass: Rozé of the Recapture,http://www.wikidata.org/entity/Q123908713,Recapture,release,2024,"Rozé of the Recapture was released in 2024, with the first film on May 10, the second film on June 7, the third film on July 5, and the final film on August 2.",root_verb_fallback
Q126595890,Cold Meat (film),http://www.wikidata.org/entity/Q126595890,Netflix,release,"February 26, 2024","It was released exclusively on Netflix on February 26, 2024.",root_verb_fallback
Q124819490,Cold Road,http://www.wikidata.org/entity/Q124819490,Roseanne Supernault,star,Tracy,"The film stars Roseanne Supernault as Tracy, an indigenous woman who is driving, accompanied solely by her dog Pretzel, to her home reserve in far northern Saskatchewan to see her dying mother, but who is under threat from a big rig truck driver who is following her.",root_verb_fallback
Q125986080,Colors of Evil: Red,http://www.wikidata.org/entity/Q125986080,Jakub Gierszał,star,Maja Ostaszewska,"The film stars Jakub Gierszał, Maja Ostaszewska and Zofia Jastrzębska.",root_verb_fallback
Q125986080,Colors of Evil: Red,http://www.wikidata.org/entity/Q125986080,Tricity,follow,Poland,"It follows the murder of a young woman in Tricity, Poland and the rookie prosecutor Leopold Bilski who teams up with the victim's mother, Judge Helena Bogucka.",root_verb_fallback
Q126193226,Come Closer (film),http://www.wikidata.org/entity/Q126193226,Starring Lia Elalouf,star,Darya Rosenn,"Starring Lia Elalouf and Darya Rosenn accompanied by Ido Tako, Yaakov Zada-Daniel and Netta Garti.",root_verb_fallback
Q126193226,Come Closer (film),http://www.wikidata.org/entity/Q126193226,the Ophir Award for Best Picture,select,the Best International Feature Film,"After winning the Ophir Award for Best Picture, it was officially selected as the Israeli entry for the Best International Feature Film at the 97th Academy Awards, but was not nominated.",root_verb_fallback
Q128789352,Committee Kurrollu,http://www.wikidata.org/entity/Q128789352,Pink Elephant Pictures,feature,Shree Radha Damodhar Studios,"Produced by Pink Elephant Pictures and Shree Radha Damodhar Studios, the film features Sandeep Saroj, Trinadh Varma, P. Sai Kumar, Goparaju Ramana, Raadhya and Yaswanth Pendyala in important roles alongside other ensemble cast.",root_verb_fallback
Q21780580,Comrade Tambo's London Recruits,http://www.wikidata.org/entity/Q21780580,ANC,inspire,Britain,"It is inspired by the true story of how the ANC recruited volunteers in Britain in the 1960s and 70s, at the height of apartheid, to travel to South Africa for undercover missions.",root_verb_fallback
Q135967776,Concerto for Other Hands,http://www.wikidata.org/entity/Q135967776,David González Ladrón de Guevara,follow,Miller Syndrome,"It follows David González Ladrón de Guevara, a boy with Miller Syndrome, who tries to build a musical career playing piano assisted by his father.",root_verb_fallback
Q116701124,Conclave (film),http://www.wikidata.org/entity/Q116701124,Ralph Fiennes,star,Stanley Tucci,"The film stars Ralph Fiennes, Stanley Tucci, John Lithgow, Sergio Castellitto, and Isabella Rossellini.",root_verb_fallback
Q130526069,Corina (film),http://www.wikidata.org/entity/Q130526069,Naian González Norvind,star,Cristo Fernández,It stars Naian González Norvind and Cristo Fernández.,root_verb_fallback
Q123956214,Crakk,http://www.wikidata.org/entity/Q123956214,Arjun Rampal,star,Nora Fatehi,"It stars Jammwal, Arjun Rampal, Nora Fatehi, Amy Jackson, Jamie Lever, Pooja Sawant, Ankit Mohan, and Rukmini Maitra.",root_verb_fallback
Q124656178,Crew (film),http://www.wikidata.org/entity/Q124656178,Ekta Kapoor,star,Rhea Kapoor,"Produced by Ekta Kapoor, Rhea Kapoor, Anil Kapoor, and Digvijay Purohit under Balaji Motion Pictures and Anil Kapoor Films & Communication Network, it stars Kareena Kapoor Khan, Kriti Sanon, and Tabu with Diljit Dosanjh and Kapil Sharma in supporting roles.",root_verb_fallback
Q123330656,Crisis Negotiators,http://www.wikidata.org/entity/Q123330656,Cheuk,center,Lau,The film centers around police negotiator Cheuk (Lau) who accidentally becomes a murder suspect and is forced to take over a police station to clear his name with the help of his former colleague Tse (Ng).,root_verb_fallback
Q130276124,Crocodile Tears (film),http://www.wikidata.org/entity/Q130276124,Yusuf Mahardika,star,Zulfa Maharani,"It stars Yusuf Mahardika, Zulfa Maharani, and Marissa Anita.",root_verb_fallback
Q123944616,Crossing (2024 film),http://www.wikidata.org/entity/Q123944616,Mzia Arabuli,star,Lucas Kankava,"It stars Mzia Arabuli, Lucas Kankava and Deniz Dumanlı.",root_verb_fallback
Q123944616,Crossing (2024 film),http://www.wikidata.org/entity/Q123944616,Panorama,select,15 February 2024,"The film was selected in the Panorama section at the 74th Berlin International Film Festival, where it had its world premiere on 15 February 2024.",root_verb_fallback
Q123944616,Crossing (2024 film),http://www.wikidata.org/entity/Q123944616,Sweden,release,22 March 2024,"It was released in Sweden on 22 March 2024, by TriArt Film.",root_verb_fallback
Q130385355,Crosspoint (film),http://www.wikidata.org/entity/Q130385355,Carlo Aquino,star,Takehiro Hira,The film stars Filipino actor Carlo Aquino and Emmy-nominated Japanese actor Takehiro Hira as the two men who started a manhunt for a wanted serial killer whose bounty will be the solution to their respective financial struggles.,root_verb_fallback
Q131592863,Crossroads (2024 film),http://www.wikidata.org/entity/Q131592863,the 1990s,portray,Eriola,"Set in the 1990s, it portrays the complexities of university life through the intertwined experiences of Eriola, Oyekan, and Fela.",root_verb_fallback
Q113012026,Cuckoo (2024 film),http://www.wikidata.org/entity/Q113012026,Germany,follow,the United States,"A co-production between Germany and the United States, the film follows a teenager (Schafer) who moves to the German Alps to live with her father (Csokas) but becomes disturbed by strange occurrences as her father's boss (Stevens) embroils her family in a sinister plot.",root_verb_fallback
Q128636616,Cuerpo escombro,http://www.wikidata.org/entity/Q128636616,Dani Rovira,star,Cassandra Ciangherotti,"It stars Dani Rovira alongside Cassandra Ciangherotti, Ernesto Sevilla, El Langui and María Hervás.",root_verb_fallback
Q138456459,Cup (film),http://www.wikidata.org/entity/Q138456459,Mathew Thomas,star,Basil Joseph,"The film stars Mathew Thomas, Basil Joseph, Guru Somasundaram, and Riya Shibu in prominent roles.",root_verb_fallback
Q124048748,Cura sana,http://www.wikidata.org/entity/Q124048748,Jessica,tell,Alma,"It tells the story of two sisters, Jessica and Alma, who are victims of domestic violence at home and therefore treat each other with violence.",root_verb_fallback
Q130053445,Curl Power,http://www.wikidata.org/entity/Q130053445,Maple Ridge,profile,British Columbia,"The film profiles the 4KGirl$, a group of teenage girls from Maple Ridge, British Columbia, who are training as a curling team with the goal of competing in the Canadian Junior Curling Championships.",root_verb_fallback
Q125843119,Dabaru,http://www.wikidata.org/entity/Q125843119,Nandita Roy,base,Shiboprosad Mukherjee,"Produced by Nandita Roy and Shiboprosad Mukherjee under the banner of Windows Production, the film is based on the life of the Indian chess Grandmaster Surya Shekhar Ganguly.",root_verb_fallback
Q125843119,Dabaru,http://www.wikidata.org/entity/Q125843119,Ganguly,chronicle,North Kolkata's,"The film chronicles the journey of Ganguly from North Kolkata's slums to becoming India's youngest Grandmaster at age 19, played by Arghya Basu Roy.",root_verb_fallback
Q125843119,Dabaru,http://www.wikidata.org/entity/Q125843119,Dipankar De,feature,Chiranjeet Chakraborty,"It also features an ensemble cast of Dipankar De, Chiranjeet Chakraborty, Rituparna Sengupta, Shankar Chakraborty and Kaushik Sen in another pivotal roles.",root_verb_fallback
Q129109617,Dada (2024 film),http://www.wikidata.org/entity/Q129109617,Poole,star,James Gilbert,"Poole's feature directorial debut, the film stars James Gilbert and Ciara Alexys as Adam and Kai, a father and daughter who are driving around the perimeter of a nuclear power plant, interacting in seemingly trivial ways on the eve of Kai's 16th birthday.",root_verb_fallback
Q134464153,El cuento del lobo,http://www.wikidata.org/entity/Q134464153,Daniel Grao,star,Lucía Jiménez,"It stars Daniel Grao, Lucía Jiménez, Paco Tous, and María Romanillos.",root_verb_fallback
Q124334469,La cocina,http://www.wikidata.org/entity/Q124334469,2008,play,1957,"The film elaborates on the theme and style of Ruizpalacios' early short Café Paraíso (2008) and is based on the 1957 stage play The Kitchen by Arnold Wesker, which was already adapted to the 1961 film The Kitchen.",root_verb_fallback
Q124334469,La cocina,http://www.wikidata.org/entity/Q124334469,Raúl Briones,star,Rooney Mara,"The film stars Raúl Briones, Rooney Mara, Soundos Mosbah, Anna Diaz, Motell Foster, Oded Fehr, Eduardo Olmos and Spenser Granese.",root_verb_fallback
Q115978240,The Colors Within,http://www.wikidata.org/entity/Q115978240,Naoko Yamada,release,Science Saru,"Directed by Naoko Yamada and produced by Science Saru, it was released in Japanese theaters in August 2024.",root_verb_fallback
Q126189109,The Commandant's Shadow,http://www.wikidata.org/entity/Q126189109,Jurgen Höss,focus,Auschwitz,"The film focuses on the story of Jurgen Höss, the son of Auschwitz concentration camp director Rudolf Höss, and his boyhood home life in the villa adjacent to it.",root_verb_fallback
Q126189109,The Commandant's Shadow,http://www.wikidata.org/entity/Q126189109,Anita Lasker-Wallfisch,star,Auschwitz,"The film also stars Anita Lasker-Wallfisch, an Auschwitz survivor who meets face-to-face with Jurgen Höss decades later.",root_verb_fallback
Q126189109,The Commandant's Shadow,http://www.wikidata.org/entity/Q126189109,Commandant,draw,2023,"The Commandant's Shadow drew media comparisons to the 2023 film The Zone of Interest, a dramatization similarly focusing on the Höss family's life adjacent to Auschwitz.",root_verb_fallback
Q130742499,The Correspondent (film),http://www.wikidata.org/entity/Q130742499,Richard Roxburgh,star,Julian Maroun,"The film stars Richard Roxburgh, Julian Maroun, Rahel Romahn, Yael Stone, and Mojean Aria.",root_verb_fallback
Q130742499,The Correspondent (film),http://www.wikidata.org/entity/Q130742499,Peter Greste,focus,Cairo,"The plot focuses on Australian foreign correspondent and journalist Peter Greste, who was arrested in Cairo and held in an Egyptian prison for nearly two years, and is adapted from Greste's 2017 memoir The First Casualty.",root_verb_fallback
Q119998666,The Count of Monte Cristo (2024 film),http://www.wikidata.org/entity/Q119998666,Matthieu Delaporte,star,Alexandre de La Patellière,"Adapted and directed by Matthieu Delaporte and Alexandre de La Patellière, the film stars Pierre Niney as Edmond Dantès.",root_verb_fallback
Q113300899,The Crow (2024 film),http://www.wikidata.org/entity/Q113300899,Rupert Sanders,direct,Zach Baylin,It was directed by Rupert Sanders from a screenplay by Zach Baylin and William Schneider.,root_verb_fallback
Q113300899,The Crow (2024 film),http://www.wikidata.org/entity/Q113300899,France,star,the United States,"A co-production between France, the United States and the United Kingdom, the film stars Bill Skarsgård as Eric Draven /",root_verb_fallback
Q128774983,The Cut (2024 film),http://www.wikidata.org/entity/Q128774983,the Toronto International Film Festival,premier,September 2024,The film premiered as a Special Presentation at the Toronto International Film Festival on 5 September 2024.,root_verb_fallback
Q130550536,Daddy's Head,http://www.wikidata.org/entity/Q130550536,Isaac,follow,Laura,It plot follows Isaac (Turnbull) and his stepmother Laura (Brown) who are haunted by a strange creature that starts walking around the house after the funeral of his father James (Aitken).,root_verb_fallback
Q124319816,Dahomey (film),http://www.wikidata.org/entity/Q124319816,France,explore,Benin,"The film explores how the artifacts were returned from France to Benin, and the reactions of Beninese people.",root_verb_fallback
Q123284951,Damaged (film),http://www.wikidata.org/entity/Q123284951,Terry McDonough,damage,Samuel L. Jackson,"Damaged is a 2024 crime thriller film directed by Terry McDonough and starring Samuel L. Jackson, Vincent Cassel and Gianni Capaldi.",root_verb_fallback
Q123284951,Damaged (film),http://www.wikidata.org/entity/Q123284951,Chicago,follow,Dan Lawson,"It follows Chicago-based detective Dan Lawson (Jackson) who investigates a string of serial killings in Scotland alongside another detective, Walker Bravo (Cassel).",root_verb_fallback
Q123284951,Damaged (film),http://www.wikidata.org/entity/Q123284951,Lawson,discover,five years,"As the case continues, Lawson discovers a pattern similar to another killing spree he handled five years prior.",root_verb_fallback
Q112811482,Damsel (2024 film),http://www.wikidata.org/entity/Q112811482,Ray Winstone,consist,Nick Robinson,"The rest of the principal cast consists of Ray Winstone, Nick Robinson, Shohreh Aghdashloo, Angela Bassett, and Robin Wright.",root_verb_fallback
Q130416905,Dan Da Dan: First Encounter,http://www.wikidata.org/entity/Q130416905,Fūga Yamashiro,direct,Hiroshi Seko,The compilation film was directed by Fūga Yamashiro and written by Hiroshi Seko.,root_verb_fallback
Q125422463,Dancing Village: The Curse Begins,http://www.wikidata.org/entity/Q125422463,MD Pictures,produce,Aulia Sarah,"This film was produced by MD Pictures and stars Aulia Sarah, Maudy Effrosina, and Jourdy Pranata.",root_verb_fallback
Q124459714,Dandelion (2024 film),http://www.wikidata.org/entity/Q124459714,KiKi Layne,star,Thomas Doherty,"It stars KiKi Layne, Thomas Doherty, Melanie Nicholls-King, Brady Stablein, Jack Stablein, and Grace Kaiser.",root_verb_fallback
Q124739921,Dange (film),http://www.wikidata.org/entity/Q124739921,Hindi,shoot,Tamil,The film was shot simultaneously in Hindi and Tamil and stars Harshvardhan Rane and Ehan Bhat in the Hindi version while Arjun Das and Kalidas Jayaram starin the Tamil version.,root_verb_fallback
Q124739921,Dange (film),http://www.wikidata.org/entity/Q124739921,Nikita Dutta,appear,Sanchana Natarajan,"Nikita Dutta, Sanchana Natarajan and TJ Bhanu appear in supporting roles.",root_verb_fallback
Q122194097,Danny Jigar,http://www.wikidata.org/entity/Q122194097,Nilay Chotai,produce,Dipen Patel,The film was produced by Nilay Chotai and Dipen Patel.,root_verb_fallback
Q122194097,Danny Jigar,http://www.wikidata.org/entity/Q122194097,Yash Soni,star,Tarjanee Bhadla,"It stars Yash Soni, Tarjanee Bhadla, Jitendra Thakkar, and Chetan Daiya.",root_verb_fallback
Q131438093,Dappankuthu (film),http://www.wikidata.org/entity/Q131438093,Sankara Pandian,star,Dheepthi Raj,The film stars Sankara Pandian and Dheepthi Raj.,root_verb_fallback
Q131438093,Dappankuthu (film),http://www.wikidata.org/entity/Q131438093,Jeganathan Sivasubramanian,produce,Modern Digitech,The film was produced by Jeganathan Sivasubramanian under the banner of Modern Digitech Media LLP.,root_verb_fallback
Q123193268,Dard (2024 film),http://www.wikidata.org/entity/Q123193268,Hindi,film,Dorod,"Filmed simultaneously in Hindi and Bengali, with the latter being titled as Dorod (transl.",root_verb_fallback
Q132014138,Dark Match (film),http://www.wikidata.org/entity/Q132014138,the late 1980s,follow,SAW,"Set in the late 1980s, the film follows SAW, an independent wrestling promotion where Nicky, known as Miss Behave, ignites a bitter rivalry with the popular Kate the Great.",root_verb_fallback
Q132014138,Dark Match (film),http://www.wikidata.org/entity/Q132014138,Joe Lean,become,Prophet,"Meanwhile, aging wrestler and manager Joe Lean becomes involved in a dangerous one-night event staged in a remote village by a promoter working with cultists led by The Prophet, a former wrestler with a troubled past.",root_verb_fallback
Q126547244,Dark World (2024 film),http://www.wikidata.org/entity/Q126547244,Munna Khan,produce,Munna Khan Multimedia,It was produced by Munna Khan under the banner of Munna Khan Multimedia and distributed by The Abhi Kathachitra.,root_verb_fallback
Q126547244,Dark World (2024 film),http://www.wikidata.org/entity/Q126547244,Munna Khan,play,Koushani Mukherjee,"Munna Khan and Koushani Mukherjee played the lead roles and Misha Sawdagor, Deepa Khandakar, Borda Mithu, Shiba Shanu, Don, Maruf Akib, Shimul Khan, Chikon Ali and others played supporting roles.",root_verb_fallback
Q125507379,Darkest Miriam,http://www.wikidata.org/entity/Q125507379,Martha Baillie's,meet,The Incident Report,"Adapted from Martha Baillie's novel The Incident Report, the film stars Britt Lower as Miriam, a librarian in Toronto who leads a closed-off, grief-stricken life after her father's death; amid a series of strange incidents at the library, she meets and begins a romance with Janko, a Slovenian immigrant who opens her up to new possibilities.",root_verb_fallback
Q116976558,Darkness of Man,http://www.wikidata.org/entity/Q116976558,Jean-Claude Van Damme,star,Kristanna Loken,"It stars Jean-Claude Van Damme, Kristanna Loken, Emerson Min, Spencer Breslin, Sticky Fingaz, and Shannen Doherty.",root_verb_fallback
Q116976558,Darkness of Man,http://www.wikidata.org/entity/Q116976558,Interpol,follow,Russell Hatch,The plot follows Interpol operative Russell Hatch who witnesses the death of an informant when a seemingly routine raid goes wrong.,root_verb_fallback
Q125908017,Darla in Space,http://www.wikidata.org/entity/Q125908017,Alex E. Harris,star,Darla Peterson,The film stars Alex E. Harris as Darla Peterson who runs a business which makes custom caskets for cats.,root_verb_fallback
Q125908017,Darla in Space,http://www.wikidata.org/entity/Q125908017,Thomas Jay Ryan,star,Constance Shulman,"Thomas Jay Ryan, Constance Shulman, and Jenn Lyon also stars in supporting roles.",root_verb_fallback
Q127605831,Darling (2024 film),http://www.wikidata.org/entity/Q127605831,Priyadarshi Pulikonda,feature,Nabha Natesh,"The film features Priyadarshi Pulikonda and Nabha Natesh in lead roles, with music composed by Vivek Sagar.",root_verb_fallback
Q125149907,Dashmi,http://www.wikidata.org/entity/Q125149907,Vardhan Puri,feature,Rajesh Jais,"The film features Vardhan Puri, Rajesh Jais, Monica Chaudhary, and Daljeet Kaur as lead characters.",root_verb_fallback
Q130304202,Daughter's Daughter,http://www.wikidata.org/entity/Q130304202,Chang,star,Karena Lam,"Chang also stars in a lead role, alongside Karena Lam and Eugenie Liu, with the film following a recently retired mother (Chang) who loses her daughter (Liu) in an accident and has to make decisions about a frozen embryo her daughter left behind.",root_verb_fallback
Q136339237,Day of a Lion,http://www.wikidata.org/entity/Q136339237,Foscht,premier,Bianca Foscht,"A psychodrama written, directed and starring the Foscht twins, Bianca Foscht and Dilara Foscht, it premiered in December 2024 at the Wales International Film Festival, where it won Best Foreign Feature Film.",root_verb_fallback
Q124400146,Dayarani,http://www.wikidata.org/entity/Q124400146,Mohan Gurung,produce,New IT Venture,"It's produced by Mohan Gurung, New IT Venture, Kiran Gurung, Kendra Limbu, Maj.",root_verb_fallback
Q124400146,Dayarani,http://www.wikidata.org/entity/Q124400146,Dayahang Rai,feature,Diya Pun & Bijay Baral,"It features Dayahang Rai, Diya Pun & Bijay Baral in pivotal roles.",root_verb_fallback
Q125361231,DeAr,http://www.wikidata.org/entity/Q125361231,G. V. Prakash Kumar,star,Aishwarya Rajesh,"The film stars G. V. Prakash Kumar and Aishwarya Rajesh in the lead role, alongside Rohini, Kaali Venkat, Ilavarasu, and Thalaivasal Vijay.",root_verb_fallback
Q135854294,Dead Man's Switch (film),http://www.wikidata.org/entity/Q135854294,Adriana Paz,star,Mexico City Metro,"It stars Adriana Paz as a Mexico City Metro driver who seeks to find her missing husband, dealing with the reprimands of Mexican bureaucracy, her work environment and her own family.",root_verb_fallback
Q124633025,Dead Man (2024 film),http://www.wikidata.org/entity/Q124633025,Cho Jin-woong,star,Kim Hee-ae,"It stars Cho Jin-woong, Kim Hee-ae, and Lee Soo-kyung.",root_verb_fallback
Q127869960,Dead Sea (film),http://www.wikidata.org/entity/Q127869960,Dean Cameron,star,Isabel Gravitt,"It stars Dean Cameron, Isabel Gravitt, Koa Tom, Garrett Wareing, Alexander Wraith and Genneya Walton.",root_verb_fallback
Q124526426,Dead Serious (film),http://www.wikidata.org/entity/Q124526426,Inwang,direct,David Rukeme,"It was directed by Moses Inwang, and produced by David Rukeme.",root_verb_fallback
Q124526426,Dead Serious (film),http://www.wikidata.org/entity/Q124526426,Sharon Ooja,star,Emmanuel Chukwuemeka Ejekwu,"It stars Sharon Ooja, Emmanuel Chukwuemeka Ejekwu, Nkem Owoh, Lilian Afegbai, Deyemi Okanlawon, Albert Oluwatoyin, Funky Mallam, Emem Inwang, Ryonne Razaq, and Lawal Nasiru.",root_verb_fallback
Q125458044,Dead Talents Society,http://www.wikidata.org/entity/Q125458044,Wang,follow,Chen,"Set in a fictional underworld where ghosts can linger in the mortal realm by competing to haunt humans, the film follows a rookie ghost (Wang) as she embarks on a journey to find her own uniqueness under the tutelage of a passionate agent (Chen) and a washed-up diva (Pinna).",root_verb_fallback
Q102180106,Deadpool & Wolverine,http://www.wikidata.org/entity/Q102180106,Shawn Levy,direct,Ryan Reynolds,"The film was directed by Shawn Levy from a screenplay he wrote with Ryan Reynolds, Rhett Reese, Paul Wernick, and Zeb Wells.",root_verb_fallback
Q102180106,Deadpool & Wolverine,http://www.wikidata.org/entity/Q102180106,Deadpool,work,Wolverine,"In the film, Deadpool works with a reluctant Wolverine from another universe to stop the Time Variance Authority (TVA) from destroying his own universe.",root_verb_fallback
Q130053422,Deaner '89,http://www.wikidata.org/entity/Q130053422,Paul Spence,star,Slade,"It stars Paul Spence, Star Slade, Will Sasso, and Mary Walsh.",root_verb_fallback
Q136746646,Dear Gentlemen,http://www.wikidata.org/entity/Q136746646,Colombia,explore,Castañeda,The film explores the history of women's suffrage in Colombia and marks Castañeda's feature directorial debut.,root_verb_fallback
Q131628570,Dear Nanna,http://www.wikidata.org/entity/Q131628570,Surya,star,Chaitanya Rao Madadi,The film stars Surya and Chaitanya Rao Madadi in the lead roles.,root_verb_fallback
Q117842560,Dear Santa (2024 film),http://www.wikidata.org/entity/Q117842560,Starring Jack Black,star,Robert Timothy Smith,"Starring Jack Black, Keegan-Michael Key, Robert Timothy Smith, Brianne Howey, Hayes MacArthur, Post Malone, and P. J. Byrne.",root_verb_fallback
Q117842560,Dear Santa (2024 film),http://www.wikidata.org/entity/Q117842560,Christmas,tell,Santa Claus,"It tells the story of a dyslexic and meek sixth-grader who writes a Christmas list to Santa Claus to help with his problems, only for his misspelling to lead to him meeting what appears to be Satan, who decides to pose as the benevolent Christmas figure and offers the boy three wishes in exchange for his soul.",root_verb_fallback
Q124748407,Death Whisperer 2,http://www.wikidata.org/entity/Q124748407,1972,base,Dan Makham Tia District,"It is based on a true story that occurred in 1972 in Dan Makham Tia District, Kanchanaburi Province, and was embellished for entertainment purposes in the style of the Evil Dead series by Sam Raimi, which served as an inspiration for the first installment.",root_verb_fallback
Q127338654,Death Will Come,http://www.wikidata.org/entity/Q127338654,2024,come,Christoph Hochhäusler,Death Will Come is a 2024 noir thriller directed by Christoph Hochhäusler from a screenplay by Hochhäusler and novelist Ulrich Peltzer.,root_verb_fallback
Q127338654,Death Will Come,http://www.wikidata.org/entity/Q127338654,Sophie Verbeeck,star,Louis-Do de Lencquesaing,The film stars Sophie Verbeeck and Louis-Do de Lencquesaing.,root_verb_fallback
Q131740035,Death by Numbers,http://www.wikidata.org/entity/Q131740035,"October 5, 2024",have,the Hamptons International Film Festival,"It had its world premiere on October 5, 2024 at the Hamptons International Film Festival, and was later screened at the Woodstock Film Festival on October 19.",root_verb_fallback
Q130309831,Deck 5B,http://www.wikidata.org/entity/Q130309831,Alma Pöysti,star,Mia,"The film stars Alma Pöysti as Mia, a mother torn between the needs of her son and her own personal ambitions.",root_verb_fallback
Q125951906,The Damned (2024 Minervini film),http://www.wikidata.org/entity/Q125951906,1862,follow,the American Civil War,"Starring a large amateur cast, it follows a group of volunteer Union soldiers in 1862 during the American Civil War, in an isolated unknown location.",root_verb_fallback
Q124426106,The Damned (2024 Palsson film),http://www.wikidata.org/entity/Q124426106,Odessa Young,star,19th-century,It stars Odessa Young as a 19th-century widow who faces an agonizing decision after a shipwreck threatens to fully deplete her village's scarce supplies during a harsh winter.,root_verb_fallback
Q124426106,The Damned (2024 Palsson film),http://www.wikidata.org/entity/Q124426106,Joe Cole,include,Rory McCann,"The cast also includes Joe Cole, Rory McCann, Lewis Gribben, and Turlough Convery.",root_verb_fallback
Q123234434,The Day the Earth Blew Up,http://www.wikidata.org/entity/Q123234434,Eric Bauza,feature,Candi Milo,"It features the voices of Eric Bauza, Candi Milo, and Peter MacNicol.",root_verb_fallback
Q130615106,The Dead Thing,http://www.wikidata.org/entity/Q130615106,Blu Hunt,star,Ben Smith-Petersen,It stars Blu Hunt and Ben Smith-Petersen.,root_verb_fallback
Q108470887,Dedh Bigha Zameen,http://www.wikidata.org/entity/Q108470887,Gandhi,feature,Khushali Kumar,The film features Pratik Gandhi and Khushali Kumar in the lead roles.,root_verb_fallback
Q108470887,Dedh Bigha Zameen,http://www.wikidata.org/entity/Q108470887,JioCinema,premier,31 May 2024,The film premiered on JioCinema on 31 May 2024.,root_verb_fallback
Q124093309,Deenamma Jeevitham,http://www.wikidata.org/entity/Q124093309,Dev Ballani,star,Priya Chohan,The film stars Dev Ballani and Priya Chohan in the lead roles.,root_verb_fallback
Q130693564,Deepavali Bonus,http://www.wikidata.org/entity/Q130693564,Sri Ankali Parameswari Productions,produce,Maria Jerald,"The film is produced by Deepak Kumar Tala of Sri Ankali Parameswari Productions, while the technical crew consists of music composer Maria Jerald, cinematographer Gautham Sethuram, and editor Parthiv Murugan.",root_verb_fallback
Q130693564,Deepavali Bonus,http://www.wikidata.org/entity/Q130693564,Deepavali Bonus,release,25 October 2024,Deepavali Bonus released in theatres on 25 October 2024.,root_verb_fallback
Q125127222,Degree Maila: MA 3rd Class,http://www.wikidata.org/entity/Q125127222,Bishal Gurung,produce,Mani Ram Pokharel,"It's produced by Bishal Gurung, Mani Ram Pokharel, Madhu Mijar and Sushma Gurung under the banner of Baasuri Films in association with Sushma Productions.",root_verb_fallback
Q125127222,Degree Maila: MA 3rd Class,http://www.wikidata.org/entity/Q125127222,Dayahang Rai,feature,Aanchal Sharma,"It features Dayahang Rai and Aanchal Sharma in lead roles with Maotse Gurung, Prakash Ghimire, Bijay Baral, Buddhi Tamang, Kamal Mani Nepal in supporting roles.",root_verb_fallback
Q135927390,Delirio (2024 film),http://www.wikidata.org/entity/Q135927390,Helena Calderón,star,Liliana Biamonte,"It stars Helena Calderón, Liliana Biamonte and Ana Ulloa.",root_verb_fallback
Q125303252,Delivery Boy (film),http://www.wikidata.org/entity/Q125303252,Prathamesh Parab,star,Prithvik Pratap,"The film stars Prathamesh Parab, Prithvik Pratap, Ankita Landepatil, Ganesh Yadav.",root_verb_fallback
Q121129679,Demonte Colony 2,http://www.wikidata.org/entity/Q121129679,Arulnithi,star,Priya Bhavani Shankar,"The film stars Arulnithi and Priya Bhavani Shankar in the lead roles, alongside Arun Pandian, Antti Jääskeläinen, Tsering Dorjee, Meenakshi Govindarajan, Sarjano Khalid and Archana Ravichandran.",root_verb_fallback
Q125750470,Depravity (film),http://www.wikidata.org/entity/Q125750470,Victoria Justice,star,Devon Ross,"It stars Victoria Justice, Devon Ross, Taylor John Smith, Sasha Luss and Dermot Mulroney.",root_verb_fallback
Q136765305,Depth of Us,http://www.wikidata.org/entity/Q136765305,Tope Olowoniyan,star,Binta Ayo Mogaji,"It stars Tope Olowoniyan, Binta Ayo Mogaji, Lilian Afegbai, and Okey Uzoeshi.",root_verb_fallback
Q115941750,Descendants: The Rise of Red,http://www.wikidata.org/entity/Q115941750,Disney+,release,"July 12, 2024","The film was released on Disney+ on July 12, 2024, and made its debut on Disney Channel on August 9, 2024.",root_verb_fallback
Q126959352,Desert of Namibia,http://www.wikidata.org/entity/Q126959352,Yuumi Kawai,star,Daichi Kaneko,"It stars Yuumi Kawai, Daichi Kaneko, and Kanichiro.",root_verb_fallback
Q126959352,Desert of Namibia,http://www.wikidata.org/entity/Q126959352,Kawai,win,Asia Pacific Screen Awards,"For her performance, Kawai won a Blue Ribbon Award for Best Actress and received nominations at the 17th Asia Pacific Screen Awards and 18th Asian Film Awards.",root_verb_fallback
Q133855022,Designation of Origin (film),http://www.wikidata.org/entity/Q133855022,San Carlos,follow,Chile,It follows a social movement in San Carlos to obtain the designation of origin for the best longaniza in Chile.,root_verb_fallback
Q131303345,Despatch (film),http://www.wikidata.org/entity/Q131303345,Ronnie Screwvala,produce,RSVP Movies,The film is produced by Ronnie Screwvala under RSVP Movies and it stars Manoj Bajpayee and Shahana Goswami in lead roles.,root_verb_fallback
Q131303345,Despatch (film),http://www.wikidata.org/entity/Q131303345,the International Film Festival of,showcase,India,It was showcased as a special presentation at the International Film Festival of India and the MAMI Mumbai Film Festival.,root_verb_fallback
Q113373276,Despicable Me 4,http://www.wikidata.org/entity/Q113373276,Steve Carell,star,Kristen Wiig,"The film stars the voices of Steve Carell, Kristen Wiig, Pierre Coffin, Joey King, Miranda Cosgrove, Stephen Colbert, Sofía Vergara, and Will Ferrell.",root_verb_fallback
Q113373276,Despicable Me 4,http://www.wikidata.org/entity/Q113373276,Gru,see,Maxime Le Mal,"Taking place after the events of Despicable Me 3 (2017), the film sees reformed supervillain and secret agent Gru as he temporarily relocates his family to a safe house when his old rival Maxime Le Mal seeks revenge.",root_verb_fallback
Q113373276,Despicable Me 4,http://www.wikidata.org/entity/Q113373276,Gru’s Minions,augment,the Anti-Villain League,"Meanwhile, some of Gru’s Minions, are augmented with superpowers from the Anti-Villain League (AVL), forming a superhero initiative known as the Mega Minions.",root_verb_fallback
Q123855936,Dìdi,http://www.wikidata.org/entity/Q123855936,Izaac Wang,star,Joan Chen,The film stars Izaac Wang and Joan Chen.,root_verb_fallback
Q123855936,Dìdi,http://www.wikidata.org/entity/Q123855936,Carlos López Estrada,serve,Josh Peters,"Carlos López Estrada, Josh Peters, Valerie Bush and Chris Columbus serve as producers and executive producers under their AntiGravity Academy, Spark Features and Maiden Voyage Pictures banners, respectively.",root_verb_fallback
Q123855936,Dìdi,http://www.wikidata.org/entity/Q123855936,Chris,portray,Wang,"The film portrays Chris, a Taiwanese-American eighth grader (Wang) at the dawn of social media.",root_verb_fallback
Q131542865,Fedya. Narodnyy futbolist,http://www.wikidata.org/entity/Q131542865,Stas Rumyantsev,star,Dmitry Kalikhov,"It stars Stas Rumyantsev, Dmitry Kalikhov and Nikolai Fomenko.",root_verb_fallback
Q131465901,Feminichi Fathima,http://www.wikidata.org/entity/Q131465901,Shamla Hamza,win,the Kerala State Film Award for Best Actress,Shamla Hamza won the Kerala State Film Award for Best Actress for her performance in the film.,dependency
Q124834043,Fereshteh (film),http://www.wikidata.org/entity/Q124834043,Morteza Atashzamzam,direct,Dhaka University,It is directed by Morteza Atashzamzam and written by Dhaka University teacher Mumit Al Rashid.,root_verb_fallback
Q124834043,Fereshteh (film),http://www.wikidata.org/entity/Q124834043,Jaya Ahsan,star,Suman Faruque,"It stars Jaya Ahsan, Reekita Nondine Shimu, and Suman Faruque in the lead roles.",root_verb_fallback
Q124834043,Fereshteh (film),http://www.wikidata.org/entity/Q124834043,the Fajr International Film Festival,premier,Iran,It premiered at the Fajr International Film Festival in Iran on 1 February 2024.,root_verb_fallback
Q132264511,Fight Another Day,http://www.wikidata.org/entity/Q132264511,Eric Johnson,star,Martin Kove,"It stars Eric Johnson, Martin Kove, Christina Ochoa, and Jim Belushi.",root_verb_fallback
Q114889877,Fighter (2024 film),http://www.wikidata.org/entity/Q114889877,Hrithik Roshan,star,Deepika Padukone,"It stars Hrithik Roshan, Deepika Padukone, Anil Kapoor, Karan Singh Grover, and Akshay Oberoi.",root_verb_fallback
Q114889877,Fighter (2024 film),http://www.wikidata.org/entity/Q114889877,India,depict,Pakistan,"The first instalment of a planned aerial action franchise, the film depicts a series of military incidents between India and Pakistan in 2019, covering the Pulwama attack, the 2019 Balakot airstrike, and the India–Pakistan border skirmishes.",root_verb_fallback
Q125559259,Filmlovers!,http://www.wikidata.org/entity/Q125559259,Milo Machado-Graner,star,Mathieu Amalric,"It stars Milo Machado-Graner, Mathieu Amalric and Françoise Lebrun.",root_verb_fallback
Q125559259,Filmlovers!,http://www.wikidata.org/entity/Q125559259,Paul Dédalus,feature,Desplechin,"It features the character of Paul Dédalus, who appeared in Desplechin's earlier films My Sex Life... or How I Got into an Argument (1996), A Christmas Tale (2008) and My Golden Days (2015).",root_verb_fallback
Q130024713,Finalement,http://www.wikidata.org/entity/Q130024713,September 2024,premier,France,It premiered at the 81st Venice International Film Festival on 2 September 2024 and received a theatrical release in France on 13 November 2024.,root_verb_fallback
Q117945866,Find Me Falling,http://www.wikidata.org/entity/Q117945866,Harry Connick Jr.,star,Agni Scott,"It stars Harry Connick Jr. and the cast also includes Agni Scott, Ali Fumiko Whitney, and Clarence Smith.",root_verb_fallback
Q125658675,Finder Project 1,http://www.wikidata.org/entity/Q125658675,Charle,star,Sendrayan,The film stars Charle and Sendrayan.,root_verb_fallback
Q125658675,Finder Project 1,http://www.wikidata.org/entity/Q125658675,Rageef Subramaniam,produce,Vinoth Rajendran,The film was produced by Rageef Subramaniam and Vinoth Rajendran under the banner of Arabi Productions and Viyan Ventures.,root_verb_fallback
Q131354801,Fire on Water,http://www.wikidata.org/entity/Q131354801,Karnan Kanapathy,star,Karthi,The film stars Karnan Kanapathy as Karthi and Rubini Sambanthan in the pivotal roles.,root_verb_fallback
Q131354801,Fire on Water,http://www.wikidata.org/entity/Q131354801,January 2024,have,the International Film Festival Rotterdam,"In January 2024, the film had its world premiere in the Harbour section of the International Film Festival Rotterdam.",root_verb_fallback
Q131354801,Fire on Water,http://www.wikidata.org/entity/Q131354801,Osaka Asian Film Festival,premier,March 2024,The film was also premiered at Osaka Asian Film Festival in March 2024.,root_verb_fallback
Q125256467,First Shift (film),http://www.wikidata.org/entity/Q125256467,Gino Anthony Pesi,star,NYPD,"It stars Gino Anthony Pesi as a lone NYPD officer who is forced to team up with a new recruit, played by Kristen Renton, on his next duty dealing with violent crimes in New York City.",root_verb_fallback
Q125256467,First Shift (film),http://www.wikidata.org/entity/Q125256467,James McMenamin,feature,Willy C. Carpenter,"James McMenamin, Willy C. Carpenter, Brandi Bravo, and Daniel Sauli are featured in supporting roles.",root_verb_fallback
Q128031503,Fish War,http://www.wikidata.org/entity/Q128031503,Northwest Treaty Tribes Media,produce,North Forty Productions,"The film was produced by Northwest Treaty Tribes Media and North Forty Productions, and had its world premiere on May 11, 2024 at the Seattle International Film Festival.",root_verb_fallback
Q124554216,Flight 404 (film),http://www.wikidata.org/entity/Q124554216,the Best International Feature Film,select,Academy Awards,"It was selected as the Egyptian submission for the Best International Feature Film at the 97th Academy Awards, but was not nominated.",root_verb_fallback
Q115057826,Fly Me to the Moon (2024 film),http://www.wikidata.org/entity/Q115057826,Scarlett Johansson,star,Kelly Jones,"The film stars Scarlett Johansson as Kelly Jones, a marketing specialist, and Channing Tatum as Cole Davis, a NASA launch director.",root_verb_fallback
Q115057826,Fly Me to the Moon (2024 film),http://www.wikidata.org/entity/Q115057826,Apollo,follow,Jones,"Set against the backdrop of the Apollo 11 mission, the story follows Jones and Davis as she is tasked with creating a false moon landing in case his actual mission fails.",root_verb_fallback
Q130388424,Flying Lessons (2024 film),http://www.wikidata.org/entity/Q130388424,Elizabeth Nichols,meet,Abe,"Elizabeth Nichols, the director of the film, first met Abe around 2016 while filming tenant meetings and protests.",dependency
Q128034250,Footage (film),http://www.wikidata.org/entity/Q128034250,Manju Warrier,star,Vishak Nair,The film stars Manju Warrier alongside Vishak Nair and Gayathri Ashok.,root_verb_fallback
Q124694225,For Regn,http://www.wikidata.org/entity/Q124694225,Pruthvi Ambaar,feature,Milana Nagaraj,The film features Pruthvi Ambaar and Milana Nagaraj in the lead roles.,root_verb_fallback
Q124694225,For Regn,http://www.wikidata.org/entity/Q124694225,Mocobot,use,Imran Sardhariya,"To enhance the visual experience, the film's team used Mocobot camera to shoot few scenes and an underwater shot song choreographed by Imran Sardhariya.",root_verb_fallback
Q119892802,Force of Nature: The Dry 2,http://www.wikidata.org/entity/Q119892802,Eric Bana,star,Aaron Falk,"It stars Eric Bana, reprising his role as Aaron Falk, alongside Anna Torv, Deborra-Lee Furness, Robin McLeavy, Sisi Stringer, Lucy Ansell, Jacqueline McKenzie, Tony Briggs, Jeremy Lindsay Taylor and Richard Roxburgh.",root_verb_fallback
Q130242831,Forget Me Not (2024 film),http://www.wikidata.org/entity/Q130242831,2024,forget,Bangladeshi,Forget Me Not is a 2024 Bengali-language Bangladeshi romantic psychological drama film.,root_verb_fallback
Q130242831,Forget Me Not (2024 film),http://www.wikidata.org/entity/Q130242831,Starring Yash Rohan,star,Mehazabien Chowdhury,Starring Yash Rohan and Mehazabien Chowdhury in the lead roles.,root_verb_fallback
Q109412657,Formed Police Unit (film),http://www.wikidata.org/entity/Q109412657,Hong Kong,star,Tat Chiu Lee,"Directed by Hong Kong director Tat Chiu Lee, and produced by Andrew Lau, the film stars Huang Jingyu, Wang Yibo, and Zhong Chuxi.",root_verb_fallback
Q134895730,Four Letters of Love,http://www.wikidata.org/entity/Q134895730,Pierce Brosnan,star,Helena Bonham-Carter,"It stars Pierce Brosnan, Helena Bonham-Carter, and Gabriel Byrne.",root_verb_fallback
Q124005830,Fox and Hare Save the Forest,http://www.wikidata.org/entity/Q124005830,Sylvia Vanden Heede’s,tell,Haas,"Adapted from Flemish author Sylvia Vanden Heede’s Vos en Haas en de Bosbaas book series, it tells the story of a forest where strange things begin to happen.",root_verb_fallback
Q130447162,Frankie Freako,http://www.wikidata.org/entity/Q130447162,Conor Sweeney,star,Frankie Freako,"It stars Conor Sweeney, who must battle the pint-sized forces of evil that get unleashed through his phone line, led by the maniacal rock 'n' roll goblin Frankie Freako.",root_verb_fallback
Q130447162,Frankie Freako,http://www.wikidata.org/entity/Q130447162,1980s,inspire,Gremlins and Ghoulies,"The film was inspired by 1980s ""little creature"" horror films such as Gremlins and Ghoulies.",root_verb_fallback
Q115804877,Freaky Tales (film),http://www.wikidata.org/entity/Q115804877,Pedro Pascal,star,Boden,"The film stars Pedro Pascal, Boden and Fleck's longtime collaborator Ben Mendelsohn, Jay Ellis, singer Normani in her film debut, Dominique Thorne, and Jack Champion.",root_verb_fallback
Q131108247,The Finnish Line,http://www.wikidata.org/entity/Q131108247,Kim Matula,star,Beau Mirchoff,"The film stars Kim Matula, Beau Mirchoff and Nichole Sakura.",root_verb_fallback
Q96378044,The Fire Inside (film),http://www.wikidata.org/entity/Q96378044,Ryan Destiny,star,Shields,"Ryan Destiny stars as Shields, alongside Brian Tyree Henry and Adam Clark.",root_verb_fallback
Q130597773,The Firefighters (2024 film),http://www.wikidata.org/entity/Q130597773,Hongje,star,Joo Won,"Based on the Hongje-dong arson incident, it stars Joo Won, Kwak Do-won, Yoo Jae-myung, Lee Yoo-young, Kim Min-jae, Oh Dae-hwan, and Lee Joon-hyuk as a team of firefighters responding to the crisis.",root_verb_fallback
Q125814469,The Firing Squad (2024 film),http://www.wikidata.org/entity/Q125814469,"August 2, 2024",release,Epoch Studios,"It was released on August 2, 2024 by Epoch Studios, a division of The Epoch Times newspaper.",root_verb_fallback
Q117842576,The First Omen,http://www.wikidata.org/entity/Q117842576,Nell Tiger Free,star,Tawfeek Barhom,"It stars Nell Tiger Free, Tawfeek Barhom, Sônia Braga, Ralph Ineson, and Bill Nighy.",root_verb_fallback
Q117842576,The First Omen,http://www.wikidata.org/entity/Q117842576,Rome,follow,Antichrist,The plot follows an American nun sent to work at a Catholic orphanage in Rome who uncovers a sinister conspiracy to bring about the birth of the Antichrist.,root_verb_fallback
Q118171400,The Flood (2024 film),http://www.wikidata.org/entity/Q118171400,Guillaume Canet,star,Mélanie Laurent,The film stars Guillaume Canet and Mélanie Laurent as Louis XVI and Marie Antoinette at the end of their reign.,root_verb_fallback
Q124337175,The Forge (2024 film),http://www.wikidata.org/entity/Q124337175,Cameron Arnett,star,Priscilla Shirer,"It stars Cameron Arnett, Priscilla Shirer, Aspen Kennedy, Karen Abercrombie, T. C. Stallings, B. J. Arnett, Ken Bevel, Benjamin Watson, Jonathan Evans, Jerry Shirer, and Tommy Woodard.",root_verb_fallback
Q130731184,Freedom Way,http://www.wikidata.org/entity/Q130731184,2024,premier,7 September 2024,The film premiered at the 2024 Toronto International Film Festival in the Discovery section on 7 September 2024.,root_verb_fallback
Q130731184,Freedom Way,http://www.wikidata.org/entity/Q130731184,November,go,AFRIFF,In November the film went on to win the Special Jury Award at the Africa International Film Festival (AFRIFF).,root_verb_fallback
Q124605382,French Girl,http://www.wikidata.org/entity/Q124605382,Gordon Kinski,follow,Brooklyn,"It follows Gordon Kinski, a high school teacher from Brooklyn, who accompanies his girlfriend, chef Sophie Tremblay, to her hometown of Quebec City, where she is testing for a position at a Michelin 3-star restaurant run by super-chef Ruby Collins.",root_verb_fallback
Q129485963,Frendo (film),http://www.wikidata.org/entity/Q129485963,Tushar Sadhu,star,Twinkal Patel,"It stars Tushar Sadhu, Twinkal Patel, Jay Pandya, Kushal Mistry, Deep Vaidya, Om Bhatt in leading role.",root_verb_fallback
Q129485963,Frendo (film),http://www.wikidata.org/entity/Q129485963,Bansari Patel,produce,Raju Radia,"The film is produced by Dr Bansari Patel, Raju Radia along with co produced by Dr. Jayesh Patel, Nikhil Raikundalia and Dr. Pooja Jainish Vashi, under the banner of Veer Bansari Films.",root_verb_fallback
Q124365154,Frida (2024 film),http://www.wikidata.org/entity/Q124365154,Gutierrez,show,Jonathan Oppenheim,"As Gutierrez's directorial debut, it was first shown at the 2024 Sundance Film Festival where it won the U.S. Documentary Jonathan Oppenheim Editing Award.",root_verb_fallback
Q131985823,Friendly Fire (2024 film),http://www.wikidata.org/entity/Q131985823,Loisa Andalio,star,Coleen Garcia,"It stars Loisa Andalio, Coleen Garcia, Yves Flores, Harvey Bautista and Bob Jbeili.",root_verb_fallback
Q127821688,Friendship (2024 film),http://www.wikidata.org/entity/Q127821688,Tim Robinson,star,Kate Mara,"It stars Tim Robinson, Kate Mara, Jack Dylan Grazer, and Paul Rudd.",root_verb_fallback
Q127821688,Friendship (2024 film),http://www.wikidata.org/entity/Q127821688,Craig,follow,Austin,"The story follows Craig, a socially awkward marketing executive, and his increasingly fraught bond with his new neighbor, Austin, a local TV meteorologist.",root_verb_fallback
Q131465900,From Darkness to Light,http://www.wikidata.org/entity/Q131465900,1972,explore,Jerry Lewis,It explores the unreleased 1972 Jerry Lewis film The Day the Clown Cried.,root_verb_fallback
Q130597435,From Good to the Hood,http://www.wikidata.org/entity/Q130597435,Quim Gutiérrez,lead,Sara Sálamo,"The cast is led by Quim Gutiérrez, Sara Sálamo, María de Nati, Hamza Zaidi, and Javier Herrera.",root_verb_fallback
Q120143635,"From Hilde, with Love",http://www.wikidata.org/entity/Q120143635,Andreas Dresen,star,Liv Lisa Fries,"Directed by Andreas Dresen, the film stars Liv Lisa Fries in titular role of Hilde Coppi and Johannes Hegemann as Hans Coppi.",root_verb_fallback
Q123857583,Fureru,http://www.wikidata.org/entity/Q123857583,CloverWorks,produce,Toho,"It was produced by CloverWorks, and distributed by Toho and Aniplex.",root_verb_fallback
Q123857583,Fureru,http://www.wikidata.org/entity/Q123857583,Japan,premier,"October 4, 2024","The film premiered in Japan on October 4, 2024.",root_verb_fallback
Q124788511,Fureytha,http://www.wikidata.org/entity/Q124788511,Mohamed Ali,star,Aishath Fuad Thaufeeq,"Produced by Mohamed Ali and Aishath Fuad Thaufeeq under Dark Rain Entertainment, the film stars Sharaf Abdulla, Ravee Farooq, Mohamed Manik and Ahmed Saeed in pivotal roles.",root_verb_fallback
Q100361125,Furiosa: A Mad Max Saga,http://www.wikidata.org/entity/Q100361125,Anya Taylor-Joy,follow,years,"Starring Anya Taylor-Joy and Alyla Browne as said character and set years before Fury Road, the film follows her life for over a decade, from her kidnapping by the forces of warlord Dementus to her ascension to the rank of Imperator.",root_verb_fallback
Q100361125,Furiosa: A Mad Max Saga,http://www.wikidata.org/entity/Q100361125,Tom Burke,star,Praetorian Jack,"Tom Burke also stars as Praetorian Jack, a military commander who befriends Furiosa.",root_verb_fallback
Q100361125,Furiosa: A Mad Max Saga,http://www.wikidata.org/entity/Q100361125,Fury Road,return,John Howard,"Several Fury Road cast members return in supporting roles, including John Howard, Nathan Jones, and Angus Sampson reprising their characters.",root_verb_fallback
Q137267199,Fuuto PI: The Portrait of Kamen Rider Skull,http://www.wikidata.org/entity/Q137267199,Yoshimasa Hosoya,star,Ayumu Murase,"The film stars Yoshimasa Hosoya, Ayumu Murase, Kōki Uchiyama, and Kenjirō Tsuda, among others.",root_verb_fallback
Q137267199,Fuuto PI: The Portrait of Kamen Rider Skull,http://www.wikidata.org/entity/Q137267199,Fuuto PI,serve,Riku Sanjo,"Based on the manga series Fuuto PI by Riku Sanjo, the film serves as the origin story of detective Shotaro Hidari.",root_verb_fallback
Q137267199,Fuuto PI: The Portrait of Kamen Rider Skull,http://www.wikidata.org/entity/Q137267199,Fuuto,become,Kamen Rider W,"Shotaro becomes the protector of the city of Fuuto under his Kamen Rider W persona while working with Sokichi Narumi to rescue a young Philip, who is being used by his family to create monsters known as Dopants.",root_verb_fallback
Q127506491,G for Gap,http://www.wikidata.org/entity/Q127506491,Wu Di,follow,years,"It follows Wu Di, who returns to his hometown disheartened after years of failure in Beijing, only to face more struggles until an unexpected reunion with his high school classmate Feng Liuliu changes his life.",root_verb_fallback
Q127506491,G for Gap,http://www.wikidata.org/entity/Q127506491,19 April 2024,premier,8 June 2024,"The film premiered at the 14th Beijing International Film Festival on 19 April 2024, and was theatrically released on 8 June 2024.",root_verb_fallback
Q130223289,Gaabh,http://www.wikidata.org/entity/Q130223289,Kailash Waghmare,feature,Sayali Bandkar,"The film features Kailash Waghmare, Sayali Bandkar in the leading roles.",root_verb_fallback
Q124445828,Gaami,http://www.wikidata.org/entity/Q124445828,"Vishwak Sen, Chandini Chowdary",feature,Harika Pedada,"The film features Vishwak Sen, Chandini Chowdary, Abhinaya, Harika Pedada and Mohammad Samad in primary roles.",root_verb_fallback
Q124445828,Gaami,http://www.wikidata.org/entity/Q124445828,Karthik Sabareesh,produce,Karthik Kult,"Initially started with a crowd-funding campaign, it was produced by Karthik Sabareesh, under Karthik Kult.",root_verb_fallback
Q126734382,Gaganachari,http://www.wikidata.org/entity/Q126734382,K. B. Ganesh,star,Gokul Suresh,"The film stars K. B. Ganesh Kumar, Gokul Suresh, Aju Varghese and Anarkali Marikar.",root_verb_fallback
Q126617487,Gam Gam Ganesha,http://www.wikidata.org/entity/Q126617487,Anand Devarakonda,star,Nayan Sarika,"It starred Anand Devarakonda, Pragathi Srivasthava, Nayan Sarika, Emmanuel, Vennela Kishore, and Satyam Rajesh.",root_verb_fallback
Q124979019,Game On (film),http://www.wikidata.org/entity/Q124979019,Neha Solanki,star,Madhubala,"It stars Geetanand, Neha Solanki, Madhubala, Aditya Menon and Subhalekha Sudhakar.",root_verb_fallback
Q132125863,Gandhi Tatha Chettu,http://www.wikidata.org/entity/Q132125863,Sukriti Veni Bandreddi,feature,Chakrapani Ananda,"The film features Sukriti Veni Bandreddi, Chakrapani Ananda and Rag Mayur in lead roles.",root_verb_fallback
Q124320664,Gangs of Godavari,http://www.wikidata.org/entity/Q124320664,Naga Vamsi,produce,Sai Soujanya,It is being produced by Naga Vamsi and Sai Soujanya under Sithara Entertainments and Fortune Four Cinemas.,root_verb_fallback
Q124320664,Gangs of Godavari,http://www.wikidata.org/entity/Q124320664,Vishwak Sen,feature,Anjali,"The film features Vishwak Sen, Anjali and Neha Shetty in lead roles.",root_verb_fallback
Q125876263,Garudan (2024 film),http://www.wikidata.org/entity/Q125876263,Sokkan,follow,Aadhi,"It follows Sokkan, a trusted confidante of two childhood friends Aadhi and Karuna, whose loyalty is changed by a dynamic between betrayal and survival.",root_verb_fallback
Q130214463,Gary (film),http://www.wikidata.org/entity/Q130214463,Robin Dashwood,release,Peacock,"Directed by Robin Dashwood, the film was released on Peacock on August 29, 2024.",root_verb_fallback
Q138757918,Gaslit By My Husband: The Morgan Metzer Story,http://www.wikidata.org/entity/Q138757918,Morgan Metzer's,follow,Rodney Metzer,"The movie follows the true story of Morgan Metzer's abusive marriage to ex-husband Rodney Metzer, including a violent attack he orchestrated against her.",root_verb_fallback
Q124365198,Gaucho Gaucho,http://www.wikidata.org/entity/Q124365198,August 2024,receive,the Piazza Grande of the 77th,The documentary received an outdoor screening in August 2024 on the Piazza Grande of the 77th Locarno Film Festival and won the first Letterboxd Piazza Grande Award.,root_verb_fallback
Q124422250,Gauraiya Live,http://www.wikidata.org/entity/Q124422250,Ada Singh,star,Omkar Das Manikpuri,"The film stars Ada Singh, Omkar Das Manikpuri, Pankaj Jha.",root_verb_fallback
Q131398577,Gautama Buddha Matha,http://www.wikidata.org/entity/Q131398577,Sri Lankan,star,Phalguni Khanna,"The film stars both Sri Lankan and Indian cast, where Indian actress Phalguni Khanna made lead titular role along with Aditi Singh, Tushar Chhibber, Himanshi Jain, Dilhani Ekanayake, Dhananjaya Siriwardena, Anuradha Mallavarachchi and Sampath Jayaweera made supportive roles.",root_verb_fallback
Q131398577,Gautama Buddha Matha,http://www.wikidata.org/entity/Q131398577,Mahapajapati Gotami,reveal,Gautama Buddha,"The film reveals the life of Mahapajapati Gotami, the revered queen and foster mother of Gautama Buddha who later became the first Bhikkhunī of the Buddha Sasana.",root_verb_fallback
Q131605297,Gellunu Rey,http://www.wikidata.org/entity/Q131605297,Andhala Haleem,feature,Coco Studio,"Produced by Andhala Haleem under Coco Studio, the film features Mohamed Manik, Aminath Shuha, Ibrahim Jihad, Mariyam Shifa and Kausar in pivotal roles.",root_verb_fallback
Q124791242,Los Frikis (film),http://www.wikidata.org/entity/Q124791242,Tyler Nilson,write,Michael Schwartz,"It is written and directed by Tyler Nilson and Michael Schwartz, who also wrote and directed The Peanut Butter Falcon.",root_verb_fallback
Q124791242,Los Frikis (film),http://www.wikidata.org/entity/Q124791242,Héctor Medina,star,Eros de la Puente,"It stars Héctor Medina, Eros de la Puente and Adria Arjona, and is produced by Phil Lord and Christopher Miller.",root_verb_fallback
Q125929258,The Freshly Cut Grass,http://www.wikidata.org/entity/Q125929258,Argentina,explore,Mexico,"A transnational production involving Argentina, Mexico, Uruguay, Europe, and the United States, the film explores gender dynamics and long-term relationships through the parallel lives of two married academics.",root_verb_fallback
Q125929258,The Freshly Cut Grass,http://www.wikidata.org/entity/Q125929258,The Freshly Cut Grass,premier,"June 8, 2024","The Freshly Cut Grass premiered at the Tribeca Festival on June 8, 2024.",root_verb_fallback
Q124853968,The Friend (2024 film),http://www.wikidata.org/entity/Q124853968,2018,star,Sigrid Nunez,"Based on the 2018 novel by Sigrid Nunez, it stars Naomi Watts, Bill Murray, Sarah Pidgeon, Carla Gugino, Constance Wu, and Ann Dowd.",root_verb_fallback
Q117350302,The Front Room,http://www.wikidata.org/entity/Q117350302,Brandy,star,Kathryn Hunter,"The film stars Brandy, Kathryn Hunter, Andrew Burnap, and Neal Huff.",root_verb_fallback
Q131548062,The Fuji Documentary,http://www.wikidata.org/entity/Q131548062,Fuji,detail,Barry Wonder,"The first episode titled Mr. Fuji: Barry Wonder details the life and times of Sikiru Ayinde Barrister (1948–2010), the creator of Fuji Music.",root_verb_fallback
Q131548062,The Fuji Documentary,http://www.wikidata.org/entity/Q131548062,Ibadan,premier,February 2024,It premiered in Ibadan in February 2024.,root_verb_fallback
Q131548062,The Fuji Documentary,http://www.wikidata.org/entity/Q131548062,The Fuji Documentary,release,ten years,Subsequent episodes of The Fuji Documentary will be released over ten years.,root_verb_fallback
Q113547547,The Garfield Movie,http://www.wikidata.org/entity/Q113547547,Chris Pratt,feature,Garfield,"The film features the voices of Chris Pratt as Garfield and Samuel L. Jackson as his father, alongside Hannah Waddingham, Ving Rhames, Nicholas Hoult, Cecily Strong, Harvey Guillén, Brett Goldstein, Bowen Yang, and Snoop Dogg.",root_verb_fallback
Q113547547,The Garfield Movie,http://www.wikidata.org/entity/Q113547547,Garfield,reunite,Vic,"In the film, Garfield is reunited with his long-lost father, a street cat named Vic, before being forced into joining him on a high-stakes adventure.",root_verb_fallback
Q131729264,The Gatekeeper (film),http://www.wikidata.org/entity/Q131729264,Gomez,play,Cita,"Shanaia Gomez plays Cita, the actress's first lead role.",dependency
Q123907548,A Girl Named Ann,http://www.wikidata.org/entity/Q123907548,Ann,derail,COVID-19,"It follows Ann, a young woman who grew up in an abusive household and developed a drug addiction as she attempts to recover with the help of two men who enter her life, her efforts are derailed by a scandal and the onset of the COVID-19 pandemic in Japan.",root_verb_fallback
Q124289926,A Good Jewish Boy,http://www.wikidata.org/entity/Q124289926,Michael Zindel,star,Agnès Jaoui,It stars Michael Zindel and Agnès Jaoui as the last two Jews living in their neighborhood.,root_verb_fallback
Q129007619,GG: Good Game,http://www.wikidata.org/entity/Q129007619,Pangilinan,star,Donny Pangilinan,"The film stars Pangilinan's brother Donny Pangilinan, Igi Boy Flores, and Ronaldo Valdez.",root_verb_fallback
Q123494561,Gender Reveal (film),http://www.wikidata.org/entity/Q123494561,Ayo Tsalithaba as Rhys,star,Ting,"The film stars Ayo Tsalithaba as Rhys, a non-binary and polyamorous people pleaser who reluctantly brings their partners Ting and Mati to the gender reveal party of their boss Marc and his pregnant wife Chloe, only to witness events at the party spiral horrifically out of control.",root_verb_fallback
Q123365061,Get Away (film),http://www.wikidata.org/entity/Q123365061,Fantastic Fest,premier,20 September 2024,The film premiered at Fantastic Fest on 20 September 2024 and was released in the United Kingdom on the subscription service Sky Cinema on 10 January 2025.,root_verb_fallback
Q129675920,Getting Lost (film),http://www.wikidata.org/entity/Q129675920,"September 22, 2024",premier,twenty years,"It premiered on September 22, 2024, twenty years after the show's pilot episode first aired on TV.",root_verb_fallback
Q126918431,Gharat Ganpati,http://www.wikidata.org/entity/Q126918431,Nikita Dutta,star,Bhushan Pradhan,"The film stars an ensemble cast with Nikita Dutta, Bhushan Pradhan, Ajinkya Deo, Ashwini Bhave alongside Sanjay Mone, Shubhangi Latkar and Shubhangi Gokhale.",root_verb_fallback
Q126918431,Gharat Ganpati,http://www.wikidata.org/entity/Q126918431,Konkan,showcase,Gharat,"Set in Konkan, the film showcases the Gharat family's annual tradition of welcoming Gauri Ganpati, highlighting how this cherished practice spans three generations and brings the family closer together by navigating generational differences and strengthening their bonds.",root_verb_fallback
Q129642052,Gharjwai,http://www.wikidata.org/entity/Q129642052,Magar,write,Binod Khatiwada,Magar alongside Binod Khatiwada and Subash Koirala wrote the screenplay for the film.,root_verb_fallback
Q129642052,Gharjwai,http://www.wikidata.org/entity/Q129642052,Janak Gharti Magar,produce,GM Movies Production,It's produced by Janak Gharti Magar under the banner of GM Movies Production.,root_verb_fallback
Q129642052,Gharjwai,http://www.wikidata.org/entity/Q129642052,Dayahang Rai,star,Miruna Magar,"The film stars Dayahang Rai and Miruna Magar in lead roles with Shishir Bangdel, Raj Thapa Magar, Kabita Ale Magar and Buddhi Tamang in supporting roles.",root_verb_fallback
Q125854371,Ghost Cat Anzu (film),http://www.wikidata.org/entity/Q125854371,Takashi Imashiro,star,Mirai Moriyama,"Based on the manga of the same name by Takashi Imashiro, the film stars Mirai Moriyama as Anzu, the titular ghost cat, and Noa Gotō as a young girl named Karin.",root_verb_fallback
Q125854371,Ghost Cat Anzu (film),http://www.wikidata.org/entity/Q125854371,Japan,open,July 2024,The film opened in Japan in July 2024.,root_verb_fallback
Q125937019,Ghost Trail,http://www.wikidata.org/entity/Q125937019,Adam Bessa,star,France,It stars Adam Bessa as a Syrian man in France who pursues the man who tortured him at Sednaya Prison.,root_verb_fallback
Q113300586,Ghostbusters: Frozen Empire,http://www.wikidata.org/entity/Q113300586,Paul Rudd,feature,Carrie Coon,"The film features Paul Rudd, Carrie Coon, Finn Wolfhard and Mckenna Grace reprising their roles from the previous film, with Ernie Hudson and Annie Potts reprising their characters from the earlier films, and Kumail Nanjiani and Patton Oswalt joining the cast.",root_verb_fallback
Q123786283,Ghostlight (2024 film),http://www.wikidata.org/entity/Q123786283,Keith Kupferer,star,Romeo,It stars Keith Kupferer as a middle-aged construction worker who unexpectedly joins a local theater's production of Romeo and Juliet.,root_verb_fallback
Q123786283,Ghostlight (2024 film),http://www.wikidata.org/entity/Q123786283,Dolly de Leon,star,Katherine Mallen Kupferer,"It also stars Dolly de Leon, Katherine Mallen Kupferer, Tara Mallen, Hanna Dworkin, Tommy Rivera-Vega, Alma Washington, H.B. Ward, Dexter Zollicoffer, Deanna Dunagan, and Francis Guinan.",root_verb_fallback
Q111213921,Ghudchadi,http://www.wikidata.org/entity/Q111213921,Nidhi Dutta,produce,Binoy Gandhi,"Produced by Nidhi Dutta, Binoy Gandhi, Bhushan Kumar and Krishan Kumar under the banner of Keep Dreaming Pictures and T-Series.",root_verb_fallback
Q111213921,Ghudchadi,http://www.wikidata.org/entity/Q111213921,Projapati,star,2022,"A remake of the blockbuster Bengali film Projapati (2022), it stars Sanjay Dutt and Raveena Tandon with Parth Samthaan, Khushalii Kumar and Aruna Irani in pivotal roles.",root_verb_fallback
Q111213921,Ghudchadi,http://www.wikidata.org/entity/Q111213921,JioCinema,premier,9 August 2024,The film was premiered on JioCinema on 9 August 2024.,root_verb_fallback
Q130381558,Gini Avi Saha Gini Keli 2,http://www.wikidata.org/entity/Q130381558,1998,serve,Gini Avi Saha Gini Keli,"The film served as a sequel to the 1998 blockbuster film Gini Avi Saha Gini Keli, directed and produced by the same director.",root_verb_fallback
Q130381558,Gini Avi Saha Gini Keli 2,http://www.wikidata.org/entity/Q130381558,Isuru Lokuhettiarachchi,star,Dhanuka Dilshan,"It stars an ensemble cast of Isuru Lokuhettiarachchi, Dhanuka Dilshan, Rathna Lalani Jayakody and Roger Seneviratne, Gihan Fernando, Kusal Maduranga and Jagath Benaragama.",root_verb_fallback
Q130381558,Gini Avi Saha Gini Keli 2,http://www.wikidata.org/entity/Q130381558,Lucky Dias,reprise,Palitha Silva,"Several actors reprised their roles from previous film including Lucky Dias, Palitha Silva and Rangana Premaratne.",root_verb_fallback
Q124311946,Girls State (film),http://www.wikidata.org/entity/Q124311946,Missouri,follow,week,"It follows teenage girls from Missouri navigating a week-long immersive democratic experiment Girls State, learning how to build a government from the ground up.",root_verb_fallback
Q124311946,Girls State (film),http://www.wikidata.org/entity/Q124311946,Boys State,serve,2020,It serves as a companion film to Boys State (2020).,root_verb_fallback
Q123982001,Girls Will Be Girls (2024 film),http://www.wikidata.org/entity/Q123982001,Kani Kusruti,star,Kesav Binoy Kiron,"It stars Preeti Panigrahi, Kani Kusruti, and Kesav Binoy Kiron.",root_verb_fallback
Q115789958,Gladiator II,http://www.wikidata.org/entity/Q115789958,2000,write,David Scarpa,"The sequel to Gladiator (2000), it was written by David Scarpa based on a story he wrote with Peter Craig.",root_verb_fallback
Q115789958,Gladiator II,http://www.wikidata.org/entity/Q115789958,Scott Free Productions,produce,Paramount Pictures,The film was produced by Scott Free Productions and Red Wagon Entertainment and distributed by Paramount Pictures.,root_verb_fallback
Q115789958,Gladiator II,http://www.wikidata.org/entity/Q115789958,Paul Mescal,star,Pedro Pascal,"It stars Paul Mescal, Pedro Pascal, Joseph Quinn, Fred Hechinger, Connie Nielsen, and Denzel Washington.",root_verb_fallback
Q115789958,Gladiator II,http://www.wikidata.org/entity/Q115789958,Mescal,replace,Spencer Treat Clark,"Derek Jacobi and Nielsen reprise their roles from the first film, with Mescal replacing Spencer Treat Clark.",dependency
Q115789958,Gladiator II,http://www.wikidata.org/entity/Q115789958,Lucius Verus Aurelius,portray,Rome,"Mescal portrays Lucius Verus Aurelius, the exiled Prince of Rome, who becomes a prisoner of war and fights as a gladiator for Macrinus, a former slave who plots to overthrow the twin emperors Caracalla and Geta.",root_verb_fallback
Q134089119,Glass Casa,http://www.wikidata.org/entity/Q134089119,Lizet Benrey,star,Harley Bronwyn,"It stars Lizet Benrey, Harley Bronwyn, Nicole Clifford, Geri Courtney-Austein, and Anthony De La Cruz.",root_verb_fallback
Q124338216,Gloria! (film),http://www.wikidata.org/entity/Q124338216,18th century,centre,Italy,The film centres on a group of young musicians inventing pop music in 18th century Italy.,root_verb_fallback
Q124556283,God & Country,http://www.wikidata.org/entity/Q124556283,Katherine Stewart's,base,2020,The documentary is based on Katherine Stewart's book The Power Worshippers (2020).,root_verb_fallback
Q113360912,Godzilla x Kong: The New Empire,http://www.wikidata.org/entity/Q113360912,Legendary Pictures,produce,Warner Bros. Pictures,"Produced by Legendary Pictures and distributed by Warner Bros. Pictures, it is the sequel to Godzilla vs. Kong (2021), the fifth Godzilla film to be completely produced by a Hollywood studio, and the fifth film in the Monsterverse franchise, also serving as the 38th film of the Godzilla franchise and 13th in the King Kong franchise.",root_verb_fallback
Q113360912,Godzilla x Kong: The New Empire,http://www.wikidata.org/entity/Q113360912,Brian Tyree Henry,star,Dan Stevens,"The film stars Rebecca Hall, Brian Tyree Henry, Dan Stevens, Kaylee Hottle, Alex Ferns, and Fala Chen.",root_verb_fallback
Q113360912,Godzilla x Kong: The New Empire,http://www.wikidata.org/entity/Q113360912,Hall,reprise,Henry,"Hall, Henry, and Hottle reprise their roles from the previous film.",root_verb_fallback
Q113360912,Godzilla x Kong: The New Empire,http://www.wikidata.org/entity/Q113360912,the Hollow Earth,encounter,Godzilla,"In the film, Kong encounters more of his species in the Hollow Earth and must unite again with Godzilla to stop the tyrannical Skar King and the powerful, frost-breathing Shimo from invading the Earth's surface.",root_verb_fallback
Q126617497,Golam (2024 film),http://www.wikidata.org/entity/Q126617497,Ranjith Sajeev,star,Sunny Wayne,"The film stars Ranjith Sajeev, Sunny Wayne, Dileesh Pothan, Alencier Ley Lopez, and Siddique.",root_verb_fallback
Q127164321,Gold (2024 film),http://www.wikidata.org/entity/Q127164321,Astro Shaw,direct,GSC Movies,"Produced by Astro Shaw and ACT 2 Pictures with distributed by GSC Movies, the film directed and produced by Adrian Teh with screenplay by Tan Pik Yee, known for screenplay Ola Bola (2016) and Adrian himself.",root_verb_fallback
Q127164321,Gold (2024 film),http://www.wikidata.org/entity/Q127164321,Jack Tan,star,Liek Hou,"It starring Jack Tan as Liek Hou, Farid Kamil as Rashid Sidek, Yasmin Hani as Rashid's wife, Wan Raja as Misbun Sidek, Rashid's brother, Freddie Ng as Liek Hou's father, Lynn Lim as Liek Hou's mother, Josiah Hogan as Nova Armada and Fabian Loo as Guan Teng.",root_verb_fallback
Q131318883,Gold Lust,http://www.wikidata.org/entity/Q131318883,Alex Brendemühl,star,Mireia Vilapuig,It stars Alex Brendemühl and Mireia Vilapuig.,root_verb_fallback
Q123783550,Good One (film),http://www.wikidata.org/entity/Q123783550,Lily Collias,star,James Le Gros,"It stars Lily Collias, James Le Gros and Danny McCarthy.",root_verb_fallback
Q131161199,"Goodbye, Farewell",http://www.wikidata.org/entity/Q131161199,Jerome Kurnia,star,Putri Marino,"The film stars Jerome Kurnia, Putri Marino, Jourdy Pranata, Lutesha, and Kiki Narendra.",root_verb_fallback
Q131161199,"Goodbye, Farewell",http://www.wikidata.org/entity/Q131161199,Lutesha,receive,Best Supporting Actress,Lutesha received a nomination for Best Supporting Actress at the 2024 Indonesian Film Festival.,root_verb_fallback
Q132544662,Goodbye Horses: The Many Lives of Q Lazzarus,http://www.wikidata.org/entity/Q132544662,1988,receive,1991,"The song received attention after it was featured in the 1988 film Married to the Mob and the 1991 film The Silence of the Lambs, but Q Lazzarus herself disappeared from the public eye in the mid-1990s.",root_verb_fallback
Q118386092,Goodrich (film),http://www.wikidata.org/entity/Q118386092,Michael Keaton,star,Mila Kunis,"The film stars Michael Keaton, Mila Kunis, Carmen Ejogo, Michael Urie, Kevin Pollak, Vivien Lyra Blair, Jacob Kopera, Nico Hiraga, Danny Deferrari with Laura Benanti and Andie MacDowell.",root_verb_fallback
Q131177794,Gorre Puranam,http://www.wikidata.org/entity/Q131177794,Suhas,feature,Krishna Murali,"The film features Suhas, Posani Krishna Murali and Raghu Karumanchi in important roles.",root_verb_fallback
Q131310284,Gowri (2024 film),http://www.wikidata.org/entity/Q131310284,Samarjit Lankesh,star,Saanya Iyer,"The film stars Samarjit Lankesh in a dual role, alongside Saanya Iyer, Manasi Sudheer, Sampath Maitreya, and Rajeev Pillai.",root_verb_fallback
Q126417987,Goyo (2024 film),http://www.wikidata.org/entity/Q126417987,Netflix,premier,5 July 2024,It premiered on Netflix on 5 July 2024.,root_verb_fallback
Q125422231,The Girl with the Needle,http://www.wikidata.org/entity/Q125422231,1919,grow,Vic Carmen Sonne,"Set in 1919, the film stars Vic Carmen Sonne as a young woman who begins working as a wet nurse at a secretive adoption agency for disadvantaged mothers, but grows suspicious over one of the women who runs the operation.",root_verb_fallback
Q130369928,The Girls at the Station,http://www.wikidata.org/entity/Q130369928,Julieta Tobío,star,Salua Hadra,"It stars Julieta Tobío, Salua Hadra, and María Steelman.",root_verb_fallback
Q24905214,The Glassworker,http://www.wikidata.org/entity/Q24905214,Usman Riaz,direct,Moya O'Shea,The film is directed by Usman Riaz with a screenplay by Moya O'Shea from a story by O'Shea and Riaz.,root_verb_fallback
Q24905214,The Glassworker,http://www.wikidata.org/entity/Q24905214,Khizer Riaz,produce,Manuel Cristóbal,The film is produced by Khizer Riaz and Manuel Cristóbal.,root_verb_fallback
Q123992171,The Glory of Life (2024 film),http://www.wikidata.org/entity/Q123992171,Austria,star,Germany,"An international co-production between Austria and Germany, the film stars Sabin Tambrea and Henriette Confurius as Franz Kafka and Dora Diamant, respectively.",root_verb_fallback
Q123992171,The Glory of Life (2024 film),http://www.wikidata.org/entity/Q123992171,Germany,release,14 March 2024,It was released in Germany on 14 March 2024.,root_verb_fallback
Q21152182,The Goat Life,http://www.wikidata.org/entity/Q21152182,Jimmy Jean-Louis,star,K. R. Gokul,"The film stars Prithviraj Sukumaran alongside Jimmy Jean-Louis and K. R. Gokul, with Talib Al Balushi, Rik Aby, Amala Paul, Shobha Mohan.",root_verb_fallback
Q118278015,The Good Teacher,http://www.wikidata.org/entity/Q118278015,France,release,27 March 2024,"It was released theatrically in France by Ad Vitam on 27 March 2024, and in Belgium by Cinéart on 3 April 2024.",root_verb_fallback
